KEY,label,prediction_T,prediction_C,prediction_A,prediction_F
1_11042_u,0,0,0,0,1
1_11098_u,1,1,1,0,1
1_11232_u,1,0,0,0,0
1_11242_u,1,1,1,1,0
1_11889_u,0,0,1,1,0
1_3348_u,0,0,1,0,1
1_5751_u,0,0,1,1,1
1_6039_u,0,0,1,0,1
1_6221_u,1,1,1,1,0
1_7089_u,1,1,1,0,0
1_8185_u,0,0,1,0,0
1_8717_u,1,1,1,1,1
1_S09E03_135_u,0,1,0,0,0
1_S09E04_053_u,0,1,0,1,1
1_S09E05_258_u,0,0,0,1,1
1_S09E12_184_u,1,1,1,1,0
1_S10E03_144_u,1,0,1,0,1
1_S10E03_154_u,0,0,0,1,0
1_S10E04_277_u,0,0,0,1,0
1_S10E04_343_u,0,1,0,1,1
1_S10E04_361_u,0,1,0,1,0
1_S10E05_110_u,0,1,0,1,1
1_S10E13_095_u,1,0,1,1,0
1_S10E14_032_u,1,0,1,0,1
1_S10E17_146_u,1,1,1,1,0
1_S11E02_299_u,0,0,0,0,1
1_S11E03_067_u,0,0,0,0,0
1_S11E04_024_u,1,0,1,1,0
1_S11E04_137_u,0,1,0,1,0
1_S11E04_298_u,0,0,0,0,0
1_S11E05_193_u,1,1,0,1,0
1_S11E05_343_u,0,0,0,0,1
1_S11E05_402_u,0,0,0,0,0
1_S11E06_102_u,1,1,0,0,0
1_S11E07_405_u,0,0,0,0,0
1_S11E13_362_u,1,0,1,0,0
1_S11E16_170_u,1,0,1,0,0
1_S11E21_201_u,1,0,1,1,0
1_S11E23_048_u,1,1,1,0,0
1_S12E01_150_u,0,0,0,0,0
1_S12E02_006_u,0,0,0,0,1
1_S12E03_195_u,1,0,0,0,0
1_S12E04_046_u,1,1,1,1,0
1_S12E04_195_u,1,0,1,1,1
1_S12E05_083_u,0,0,0,0,0
1_S12E06_171_u,0,0,0,0,0
1_S12E06_367_u,0,0,0,1,1
1_S12E07_179_u,0,1,0,0,0
1_S12E08_258_u,1,0,1,0,0
1_S12E11_216_u,1,0,1,0,0
1_S12E12_030_u,1,1,0,1,0
1_S12E12_086_u,1,0,0,1,0
1_S12E15_154_u,1,0,0,1,1
2_102_u,1,1,1,1,1
2_11_u,1,1,0,0,1
2_111_u,0,0,0,0,0
2_118_u,0,0,1,0,0
2_121_u,1,1,1,0,1
2_126_u,1,1,1,1,1
2_129_u,1,0,0,0,1
2_13_u,0,0,0,0,0
2_135_u,1,0,1,1,1
2_144_u,1,1,1,1,1
2_146_u,0,1,1,0,0
2_154_u,0,0,0,0,1
2_158_u,1,0,1,1,1
2_163_u,1,0,0,0,0
2_180_u,0,1,1,0,0
2_182_u,1,0,0,1,1
2_196_u,0,0,1,0,1
2_202_u,0,0,0,0,0
2_205_u,0,0,0,0,0
2_213_u,0,0,1,1,0
2_217_u,0,1,0,0,0
2_222_u,1,0,1,0,1
2_232_u,0,1,1,0,0
2_234_u,0,1,1,1,0
2_250_u,1,1,1,0,0
2_253_u,0,0,0,0,0
2_254_u,1,0,1,0,0
2_255_u,1,0,1,0,1
2_257_u,0,0,1,0,0
2_264_u,0,0,0,0,1
2_267_u,0,1,1,0,1
2_281_u,1,1,1,0,1
2_282_u,1,0,0,1,0
2_29_u,0,0,1,0,1
2_292_u,1,0,1,1,1
2_293_u,0,0,0,0,0
2_300_u,0,1,0,0,0
2_302_u,0,1,0,1,0
2_31_u,1,1,0,1,0
2_315_u,1,1,1,1,1
2_316_u,0,0,0,0,0
2_318_u,1,0,0,0,0
2_319_u,0,1,0,0,0
2_33_u,0,0,0,0,0
2_340_u,0,0,0,0,0
2_342_u,1,1,1,1,1
2_344_u,1,0,1,1,1
2_350_u,1,0,1,1,1
2_351_u,1,0,1,0,1
2_352_u,1,1,1,1,0
2_357_u,1,1,1,1,0
2_378_u,1,0,1,1,1
2_385_u,0,0,0,0,0
2_390_u,1,0,1,1,1
2_398_u,1,1,1,1,1
2_413_u,0,1,1,0,0
2_419_u,0,0,1,0,0
2_427_u,0,0,0,0,0
2_429_u,1,1,0,0,1
2_442_u,1,1,1,1,1
2_444_u,0,0,0,0,0
2_445_u,0,0,1,0,1
2_45_u,1,1,1,0,1
2_462_u,1,1,1,0,1
2_465_u,1,1,1,1,1
2_467_u,0,0,1,0,0
2_479_u,1,1,1,1,1
2_482_u,0,1,0,0,1
2_486_u,0,0,0,1,0
2_489_u,1,1,0,1,1
2_495_u,0,0,0,1,1
2_499_u,0,0,0,1,0
2_502_u,1,1,1,1,1
2_504_u,1,0,1,0,0
2_505_u,1,0,1,1,0
2_506_u,0,1,0,0,0
2_507_u,1,0,1,1,1
2_512_u,1,1,0,1,1
2_517_u,0,0,0,0,0
2_525_u,0,1,1,0,0
2_53_u,0,1,0,0,0
2_534_u,0,0,1,0,0
2_54_u,1,1,0,0,0
2_56_u,0,0,1,1,0
2_560_u,1,1,0,1,0
2_569_u,0,0,0,1,0
2_572_u,0,1,0,0,0
2_575_u,1,0,1,1,0
2_576_u,0,1,0,0,0
2_58_u,0,0,0,0,0
2_587_u,1,1,1,1,1
2_590_u,0,0,1,1,0
2_591_u,0,1,0,1,1
2_599_u,1,1,0,1,1
2_604_u,1,1,1,1,1
2_611_u,1,1,0,0,0
2_612_u,1,1,1,1,1
2_626_u,0,1,0,0,0
2_65_u,0,0,0,0,0
2_74_u,1,1,0,1,1
2_79_u,0,0,0,1,1
2_88_u,0,0,1,1,0
2_89_u,1,0,1,1,1
2_9_u,1,1,1,1,1
2_97_u,1,0,0,0,0
