KEY,implied_valence,implied_source
1_10004_u,-0.2929747324470622,modelo_treino
1_10009_u,-0.27148585743390297,oof_treino
1_1001_u,-0.20160003109993435,oof_treino
1_1003_u,-0.26174929686326753,oof_treino
1_10190_u,-0.3253439623063269,modelo_treino
1_10462_u,-0.10338184557244152,oof_treino
1_10495_u,-0.2782648671274831,oof_treino
1_10496_u,-0.4307726895447609,modelo_treino
1_105_u,-0.31556725098588495,modelo_treino
1_10748_u,-0.3133080051899715,oof_treino
1_10797_u,-0.2747802727895025,oof_treino
1_10810_u,-0.3424892075839249,modelo_treino
1_10829_u,-0.4005080676440001,modelo_treino
1_10849_u,-0.2757876888977894,oof_treino
1_10853_u,-0.1513300228037071,oof_treino
1_10857_u,-0.14528540011473448,oof_treino
1_10859_u,-0.21894081178968952,oof_treino
1_10890_u,-0.29641446338605787,oof_treino
1_10977_u,-0.37796123297139167,oof_treino
1_11006_u,-0.22017839916146792,oof_treino
1_11021_u,-0.29152756367800864,oof_treino
1_11042_u,-0.26597831661444277,modelo_treino
1_11046_u,-0.26371325200427365,oof_treino
1_11051_u,-0.23177468614117228,oof_treino
1_11055_u,-0.2713240545087295,oof_treino
1_11098_u,-0.2105325802150493,modelo_treino
1_11120_u,-0.3557590601621173,modelo_treino
1_11177_u,-0.2511699325177459,modelo_treino
1_11201_u,-0.34464685341891205,oof_treino
1_11224_u,-0.30495874979495335,oof_treino
1_11232_u,-0.01946749641254284,modelo_treino
1_11236_u,-0.27247601511978425,modelo_treino
1_11242_u,-0.16960352828357858,modelo_treino
1_11243_u,-0.06370439050615138,oof_treino
1_11253_u,-0.3493082706122568,modelo_treino
1_11257_u,-0.23891453365534238,oof_treino
1_11306_u,-0.2556958905065522,oof_treino
1_11322_u,-0.2098757421235168,oof_treino
1_11378_u,-0.26893963274206667,oof_treino
1_11439_u,-0.22118836990179863,oof_treino
1_1144_u,-0.3830332802624792,modelo_treino
1_11485_u,-0.19817044619753582,oof_treino
1_11526_u,-0.11829402111261626,modelo_treino
1_11529_u,-0.35425912653737746,modelo_treino
1_11609_u,-0.2339223273859497,oof_treino
1_11697_u,-0.28496619661441636,oof_treino
1_11699_u,-0.3993611571356348,oof_treino
1_11723_u,-0.26432524077802705,oof_treino
1_11736_u,-0.2703094750035539,oof_treino
1_11773_u,-0.2131117101351235,oof_treino
1_1180_u,-0.3529819166901212,modelo_treino
1_1185_u,0.03385194164209259,oof_treino
1_11885_u,-0.06753385516085739,oof_treino
1_11889_u,-0.20709626484626484,modelo_treino
1_1189_u,-0.3854919841617789,modelo_treino
1_11901_u,-0.1874104055501888,modelo_treino
1_11913_u,-0.36470371473999597,oof_treino
1_11924_u,-0.19865749168487168,oof_treino
1_11928_u,0.058421557428670605,oof_treino
1_12002_u,-0.33974172689410714,modelo_treino
1_12083_u,-0.2847100785423153,oof_treino
1_12202_u,-0.3375747720916442,oof_treino
1_12275_u,-0.3283195066421654,oof_treino
1_12320_u,-0.3428820902430613,oof_treino
1_12331_u,-0.1705854945063536,oof_treino
1_1262_u,-0.28086639441283423,modelo_treino
1_1296_u,-0.302127040389521,oof_treino
1_1466_u,-0.20705355738889017,modelo_treino
1_1470_u,-0.29962386373444827,oof_treino
1_1478_u,-0.3859166340911698,oof_treino
1_1484_u,-0.24560117116357427,modelo_treino
1_1549_u,-0.31791116523798413,oof_treino
1_1560_u,-0.3232204216313156,modelo_treino
1_162_u,-0.25303725556492573,oof_treino
1_1627_u,-0.2229311296968997,oof_treino
1_1638_u,-0.20790350750112746,oof_treino
1_1666_u,-0.2852715712005571,oof_treino
1_1678_u,-0.33441615879677045,oof_treino
1_1722_u,-0.2512675928768228,modelo_treino
1_1732_u,-0.33368288154054415,oof_treino
1_175_u,-0.30662652917616157,modelo_treino
1_1772_u,-0.2837117554716238,oof_treino
1_1798_u,-0.3825627997053113,oof_treino
1_1803_u,-0.2600639849783872,oof_treino
1_182_u,-0.2502689568379389,modelo_treino
1_1931_u,-0.2022741496656937,oof_treino
1_1973_u,-0.22718279154554324,oof_treino
1_1987_u,-0.2766740473184938,oof_treino
1_2075_u,-0.11087862158624544,oof_treino
1_2119_u,-0.3195490296382323,oof_treino
1_213_u,-0.17222233884608099,modelo_treino
1_2198_u,-0.26613680435777964,modelo_treino
1_2216_u,-0.27902108229121875,oof_treino
1_2354_u,-0.21888007982299768,modelo_treino
1_2361_u,0.005760174942160239,oof_treino
1_2420_u,-0.23749604109269365,oof_treino
1_2423_u,-0.25226935885178925,modelo_treino
1_2464_u,-0.10078300357121953,oof_treino
1_2575_u,-0.33121366370377,modelo_treino
1_2580_u,-0.30282583205551455,oof_treino
1_2614_u,-0.39463923209143786,oof_treino
1_2616_u,-0.36065619501670126,oof_treino
1_2664_u,-0.31532081962441855,oof_treino
1_2669_u,-0.24600552987317684,oof_treino
1_276_u,-0.31781285300025636,oof_treino
1_2778_u,-0.39337552653816216,oof_treino
1_2792_u,-0.23874129387267934,oof_treino
1_2797_u,-0.27060252533056317,modelo_treino
1_2819_u,-0.2672606884214854,modelo_treino
1_2830_u,-0.26264119684137094,oof_treino
1_2837_u,-0.30960896584638853,oof_treino
1_2842_u,-0.22075438715696058,oof_treino
1_2853_u,-0.2085675230127631,modelo_treino
1_3064_u,-0.3675523749377272,modelo_treino
1_3069_u,-0.2017724950702891,modelo_treino
1_3125_u,-0.2792431301391249,oof_treino
1_3177_u,-0.3420929782292011,oof_treino
1_3204_u,-0.15085845862800207,oof_treino
1_3256_u,-0.15666520708720627,oof_treino
1_3259_u,-0.1910442689011768,oof_treino
1_3287_u,-0.331133039253202,modelo_treino
1_3293_u,-0.07861877813019459,modelo_treino
1_3333_u,-0.31551976917776065,oof_treino
1_3348_u,-0.08500190223003694,modelo_treino
1_3371_u,-0.23082931969561216,oof_treino
1_340_u,-0.31915657727635266,oof_treino
1_3419_u,-0.2639578373015873,oof_treino
1_3476_u,-0.27960231814576464,oof_treino
1_3545_u,-0.24239655283298844,oof_treino
1_3573_u,-0.285624701068065,oof_treino
1_3599_u,-0.33892260714503347,oof_treino
1_3649_u,-0.239148632431237,oof_treino
1_3660_u,-0.3205495752205312,oof_treino
1_3707_u,-0.17077527735064507,oof_treino
1_3766_u,-0.18843580083686418,oof_treino
1_3837_u,-0.24883979683815216,modelo_treino
1_3840_u,-0.09159982983347914,modelo_treino
1_3842_u,-0.19205159401715113,oof_treino
1_3911_u,-0.27905474132097,oof_treino
1_4031_u,-0.113424163444771,modelo_treino
1_410_u,-0.163603879484634,oof_treino
1_4145_u,-0.2871116126771119,oof_treino
1_427_u,-0.3484173001347926,modelo_treino
1_4281_u,-0.3259059127970698,oof_treino
1_4286_u,-0.2236743254022666,modelo_treino
1_4290_u,-0.28163885423357166,oof_treino
1_430_u,-0.3275192348357981,oof_treino
1_4352_u,-0.409292106679297,modelo_treino
1_4477_u,-0.2632913498359512,oof_treino
1_4544_u,-0.3200328738804309,oof_treino
1_4552_u,-0.2777358928087448,oof_treino
1_4576_u,-0.37544098146507204,oof_treino
1_4603_u,-0.1799957895847989,oof_treino
1_4639_u,-0.009354474970477287,oof_treino
1_467_u,-0.2505983573064649,modelo_treino
1_4743_u,-0.12001656255323047,oof_treino
1_4760_u,-0.3569259179001828,modelo_treino
1_4789_u,-0.2824057458791653,oof_treino
1_4792_u,-0.30029481463740365,modelo_treino
1_4850_u,-0.2474261103139781,modelo_treino
1_4949_u,-0.2848198957869045,oof_treino
1_4967_u,-0.33955777066089826,oof_treino
1_4995_u,-0.2144608177841538,modelo_treino
1_5058_u,-0.2683454226050009,modelo_treino
1_506_u,-0.3954114280542299,modelo_treino
1_507_u,-0.2878001112929326,modelo_treino
1_5109_u,-0.3017337431588595,oof_treino
1_5134_u,-0.031932014343585516,oof_treino
1_5156_u,-0.2353522998794864,oof_treino
1_5166_u,-0.03375391554967793,oof_treino
1_5169_u,-0.3224385451830305,oof_treino
1_5211_u,-0.31265984179577455,oof_treino
1_5212_u,-0.11279573210300775,oof_treino
1_533_u,-0.14632479606521787,oof_treino
1_536_u,-0.16639261297697827,modelo_treino
1_537_u,-0.17979300880219995,oof_treino
1_5496_u,-0.23385172595650536,oof_treino
1_5571_u,-0.14802798888847657,modelo_treino
1_5572_u,-0.17285756416929013,modelo_treino
1_5580_u,-0.12347102434960415,oof_treino
1_5581_u,-0.27830733592459583,modelo_treino
1_5617_u,-0.32583752562796686,oof_treino
1_5627_u,-0.23675821361802415,oof_treino
1_5679_u,-0.2001533904333826,modelo_treino
1_5699_u,-0.09672744385530763,modelo_treino
1_5751_u,-0.17301182107867474,modelo_treino
1_5758_u,-0.20238093333681578,oof_treino
1_5786_u,-0.2489685513431642,modelo_treino
1_5880_u,-0.29389382652163243,oof_treino
1_5919_u,-0.3406187429916146,modelo_treino
1_5953_u,-0.08314641429405363,oof_treino
1_5964_u,-0.2683330543259916,oof_treino
1_60_u,-0.347469626885842,modelo_treino
1_6020_u,-0.30011704494694047,modelo_treino
1_6032_u,-0.21769048167103502,modelo_treino
1_6039_u,-0.22659209878743553,modelo_treino
1_6065_u,-0.27175267384332796,modelo_treino
1_6092_u,-0.26913298022353765,oof_treino
1_6113_u,-0.17615420746622373,oof_treino
1_6134_u,-0.4000506138562445,modelo_treino
1_6165_u,-0.04736882988227802,modelo_treino
1_6183_u,-0.29149937405287635,oof_treino
1_6188_u,-0.17280383641413052,oof_treino
1_6211_u,-0.3798906990555595,modelo_treino
1_6221_u,-0.0635543088554892,modelo_treino
1_6355_u,-0.3465818835984277,oof_treino
1_6370_u,-0.1887960845698849,modelo_treino
1_6426_u,-0.30516887818851796,modelo_treino
1_6427_u,-0.26088605784194024,oof_treino
1_6428_u,-0.36891333454756386,oof_treino
1_6472_u,-0.32438466457719545,modelo_treino
1_6504_u,-0.3010226207615914,modelo_treino
1_6534_u,-0.19309338536921744,modelo_treino
1_6627_u,-0.019809290264688872,oof_treino
1_6645_u,-0.23408074886141841,modelo_treino
1_6648_u,-0.23083737690471431,oof_treino
1_6683_u,-0.33842208890825376,oof_treino
1_672_u,-0.31335256230196235,modelo_treino
1_6766_u,-0.3094005961108323,modelo_treino
1_6769_u,-0.3110765392301769,oof_treino
1_6835_u,-0.2340163832891657,oof_treino
1_6860_u,-0.3332633213413979,modelo_treino
1_70_u,-0.2939115055874923,oof_treino
1_7047_u,-0.24261172494444555,oof_treino
1_7082_u,-0.18958138535674615,oof_treino
1_7089_u,-0.21110539899055772,modelo_treino
1_7186_u,-0.12071829336670672,oof_treino
1_7281_u,-0.16780094309428673,modelo_treino
1_7341_u,-0.29494632911951013,modelo_treino
1_7357_u,-0.3055404816010591,oof_treino
1_7395_u,-0.238364999175661,oof_treino
1_7400_u,-0.1524901917935005,oof_treino
1_7402_u,-0.280432807059355,oof_treino
1_7442_u,-0.42040069757159854,modelo_treino
1_7443_u,-0.2786235219709481,oof_treino
1_7445_u,-0.31709676324420916,oof_treino
1_7449_u,-0.16456971870149117,oof_treino
1_7487_u,-0.21799744622780612,oof_treino
1_7490_u,-0.11223973752282575,oof_treino
1_7494_u,-0.34893516867907326,oof_treino
1_7504_u,0.06532643085400441,oof_treino
1_7575_u,-0.11342002108730055,oof_treino
1_7593_u,-0.2574759761294206,modelo_treino
1_7641_u,-0.13281446773184388,oof_treino
1_7661_u,-0.3071940356756533,modelo_treino
1_7675_u,-0.33370818562314325,oof_treino
1_7722_u,-0.34418907352537376,modelo_treino
1_7894_u,-0.2487660663675563,oof_treino
1_7938_u,-0.432190005750028,oof_treino
1_7953_u,-0.22937623876739602,oof_treino
1_80_u,-0.41127568021289007,modelo_treino
1_8042_u,-0.24510184862651954,oof_treino
1_8045_u,-0.28488150552721,oof_treino
1_8052_u,-0.17425801004980576,oof_treino
1_8078_u,-0.2909258755244883,oof_treino
1_8136_u,-0.14959693540750044,oof_treino
1_8159_u,-0.2416962013090109,oof_treino
1_8185_u,-0.24029980133385714,modelo_treino
1_8217_u,-0.3723112639818328,oof_treino
1_8407_u,-0.29852208183042156,modelo_treino
1_8417_u,-0.29258001269814354,oof_treino
1_8452_u,-0.2161429125677385,oof_treino
1_8505_u,-0.3150522852369795,oof_treino
1_8717_u,-0.2923284299406589,modelo_treino
1_8746_u,-0.34591368319860955,oof_treino
1_8749_u,-0.29338729407271175,oof_treino
1_8827_u,-0.09526205579018877,oof_treino
1_8837_u,-0.24730042389098117,modelo_treino
1_90_u,-0.240092077488072,modelo_treino
1_9003_u,-0.283674779404462,modelo_treino
1_9009_u,-0.21600254139350497,modelo_treino
1_9087_u,-0.3122324817139058,oof_treino
1_9245_u,-0.3175661634547082,modelo_treino
1_9594_u,-0.35259601714595223,modelo_treino
1_9668_u,-0.16351249264008544,modelo_treino
1_971_u,-0.283614645090748,oof_treino
1_9963_u,-0.32217732131702703,oof_treino
1_9971_u,-0.38365942871341463,oof_treino
1_9972_u,-0.25873451359442073,oof_treino
1_9993_u,-0.2587833619990547,oof_treino
1_S09E01_027_u,-0.3036756284973196,oof_treino
1_S09E01_368_u,-0.36775310798520916,modelo_treino
1_S09E01_379_u,-0.05976458557137736,oof_treino
1_S09E01_403_u,-0.3486691277633615,oof_treino
1_S09E01_439_u,-0.27378450018620293,oof_treino
1_S09E02_002_u,-0.27443574097685913,oof_treino
1_S09E02_064_u,-0.26977006779125595,oof_treino
1_S09E02_078_u,-0.20578863618250218,modelo_treino
1_S09E02_178_u,-0.3631090911475007,modelo_treino
1_S09E02_215_u,-0.3512104082135042,oof_treino
1_S09E02_271_u,-0.2453644406025403,oof_treino
1_S09E02_371_u,-0.17118764745602985,oof_treino
1_S09E02_386_u,-0.011358005010704735,oof_treino
1_S09E02_392_u,-0.058844043709272036,oof_treino
1_S09E02_424_u,-0.09675343369364274,modelo_treino
1_S09E03_056_u,-0.26620370742661775,modelo_treino
1_S09E03_072_u,-0.2190726485404438,oof_treino
1_S09E03_120_u,-0.3005249376311681,oof_treino
1_S09E03_125_u,-0.3137651275739507,oof_treino
1_S09E03_135_u,-0.22929051859876154,modelo_treino
1_S09E03_143_u,-0.3055771723367505,oof_treino
1_S09E03_170_u,-0.09970266068640676,oof_treino
1_S09E03_233_u,0.011275235743502008,oof_treino
1_S09E03_241_u,-0.19399296210683584,oof_treino
1_S09E03_359_u,-0.28188288571879894,oof_treino
1_S09E03_476_u,-0.3626059864448989,oof_treino
1_S09E04_015_u,-0.15901000526428744,oof_treino
1_S09E04_053_u,0.004817279723916714,modelo_treino
1_S09E04_074_u,-0.1261448505699666,oof_treino
1_S09E04_088_u,-0.11804067952529645,oof_treino
1_S09E04_106_u,-0.24525895068696926,oof_treino
1_S09E04_207_u,-0.29295008861465893,modelo_treino
1_S09E04_230_u,-0.2689203807565843,oof_treino
1_S09E04_267_u,-0.2805693819617773,oof_treino
1_S09E04_288_u,-0.27244204733891264,oof_treino
1_S09E04_342_u,-0.20785980469407314,oof_treino
1_S09E04_351_u,-0.2261010744931024,oof_treino
1_S09E04_382_u,-0.34610858035296904,modelo_treino
1_S09E05_022_u,-0.2653490779766903,oof_treino
1_S09E05_213_u,-0.27219871528540246,oof_treino
1_S09E05_222_u,-0.28901833366868196,oof_treino
1_S09E05_258_u,-0.17057611687704569,modelo_treino
1_S09E05_278_u,-0.026909408945457722,modelo_treino
1_S09E05_284_u,-0.3565787273979031,oof_treino
1_S09E05_291_u,-0.236219046089789,modelo_treino
1_S09E06_055_u,-0.3669673405012029,oof_treino
1_S09E06_168_u,-0.2903560440784705,oof_treino
1_S09E07_054_u,-0.31859777505346426,oof_treino
1_S09E07_135_u,-0.18129902776961598,oof_treino
1_S09E07_285_u,-0.30348451765382867,oof_treino
1_S09E08_255_u,-0.18568212832918715,oof_treino
1_S09E10_065_u,-0.2347550740560608,oof_treino
1_S09E10_208_u,-0.2871778828147829,oof_treino
1_S09E11_045_u,-0.1272620173943703,oof_treino
1_S09E12_184_u,-0.15307078009709577,modelo_treino
1_S09E12_369_u,-0.23418133989834844,oof_treino
1_S09E13_024_u,-0.14376901719926108,oof_treino
1_S09E14_045_u,-0.278750276139982,oof_treino
1_S09E14_455_u,-0.30539843492850444,oof_treino
1_S09E16_101_u,-0.08879460799778138,oof_treino
1_S09E16_189_u,-0.25004732534550644,oof_treino
1_S09E18_033_u,-0.0925161536913666,oof_treino
1_S09E18_147_u,-0.22436449516112825,modelo_treino
1_S09E18_357_u,-0.2255424958025576,oof_treino
1_S09E19_044_u,-0.17606183931880515,oof_treino
1_S09E20_029_u,-0.2801669072241828,modelo_treino
1_S09E20_127_u,-0.3310088415805323,oof_treino
1_S09E20_156_u,-0.19141552653859165,oof_treino
1_S09E20_179_u,-0.3662540829948918,oof_treino
1_S09E20_237_u,-0.32429248338807154,oof_treino
1_S09E20_354_u,-0.2203723050685124,oof_treino
1_S09E21_024_u,-0.23616847653980003,oof_treino
1_S09E21_255_u,-0.2325399118425434,oof_treino
1_S09E21_401_u,-0.32838436334334165,oof_treino
1_S09E22_015_u,-0.13199890815883464,oof_treino
1_S09E22_075_u,-0.2529323686074848,oof_treino
1_S09E23_017_u,-0.3215537124912123,oof_treino
1_S09E23_102_u,-0.24957393141129613,oof_treino
1_S09E23_270_u,-0.25465364283869896,oof_treino
1_S09E23_420_u,-0.41930078902292534,oof_treino
1_S09E24_014_u,-0.26385017433904795,oof_treino
1_S09E24_152_u,-0.2621840131116447,oof_treino
1_S10E01_075_u,-0.22728958807790073,modelo_treino
1_S10E01_197_u,-0.25249104174549203,oof_treino
1_S10E01_225_u,-0.19808433361587374,oof_treino
1_S10E01_381_u,-0.33410645917263554,oof_treino
1_S10E01_474_u,-0.1707741872098489,oof_treino
1_S10E02_101_u,-0.31917413889501733,oof_treino
1_S10E02_123_u,-0.23991362790259846,oof_treino
1_S10E02_327_u,-0.16848516595991445,modelo_treino
1_S10E02_372_u,-0.2587175931009135,oof_treino
1_S10E03_144_u,-0.27211099076075856,modelo_treino
1_S10E03_154_u,-0.05408311916554949,modelo_treino
1_S10E03_177_u,-0.35607349961413415,modelo_treino
1_S10E03_224_u,-0.1996150684433385,modelo_treino
1_S10E03_260_u,-0.2556266916204996,oof_treino
1_S10E03_282_u,-0.29348586088475787,oof_treino
1_S10E03_311_u,-0.2996390718378916,oof_treino
1_S10E04_007_u,-0.2786244501112921,oof_treino
1_S10E04_021_u,-0.34912624023508315,oof_treino
1_S10E04_043_u,-0.3135533531920722,modelo_treino
1_S10E04_057_u,-0.3875699445035369,modelo_treino
1_S10E04_082_u,-0.1929234219656046,oof_treino
1_S10E04_105_u,-0.3026002363828408,oof_treino
1_S10E04_158_u,-0.16474752120156524,oof_treino
1_S10E04_177_u,-0.2607359024668428,modelo_treino
1_S10E04_194_u,-0.24941121684687861,oof_treino
1_S10E04_238_u,-0.23586288285301454,oof_treino
1_S10E04_262_u,-0.19652469664050534,oof_treino
1_S10E04_277_u,-0.29100324158770374,modelo_treino
1_S10E04_307_u,-0.31040649893765226,modelo_treino
1_S10E04_343_u,-0.3012123964106357,modelo_treino
1_S10E04_361_u,-0.2358326045895833,modelo_treino
1_S10E04_398_u,-0.35119309145876487,oof_treino
1_S10E04_403_u,-0.31863358828635513,oof_treino
1_S10E05_079_u,-0.22708916699270806,oof_treino
1_S10E05_110_u,-0.32794319295470603,modelo_treino
1_S10E05_120_u,-0.378611630035198,oof_treino
1_S10E05_288_u,-0.12254300750991926,oof_treino
1_S10E05_319_u,-0.286928729768397,modelo_treino
1_S10E06_003_u,-0.1315763399540489,oof_treino
1_S10E06_062_u,-0.11895343392847259,oof_treino
1_S10E06_091_u,-0.2023007563328771,oof_treino
1_S10E06_166_u,-0.07746880757629598,oof_treino
1_S10E06_255_u,-0.3346543636496229,oof_treino
1_S10E07_069_u,0.0639783738721433,oof_treino
1_S10E07_110_u,-0.20980740560394193,oof_treino
1_S10E07_140_u,-0.3144811986509938,oof_treino
1_S10E07_163_u,-0.23330600686579794,oof_treino
1_S10E07_187_u,-0.3017192154787938,oof_treino
1_S10E07_198_u,-0.3094599057310937,oof_treino
1_S10E07_247_u,-0.3408321441272293,oof_treino
1_S10E07_267_u,-0.3359179440521351,oof_treino
1_S10E08_063_u,-0.21216132267786678,oof_treino
1_S10E08_131_u,-0.2871996719919513,oof_treino
1_S10E08_140_u,-0.20971127538039305,oof_treino
1_S10E09_021_u,-0.12091806635297095,modelo_treino
1_S10E09_066_u,-0.2505093473920873,oof_treino
1_S10E09_081_u,-0.2770228341740532,oof_treino
1_S10E09_100_u,-0.24082967645099992,oof_treino
1_S10E09_169_u,-0.32352823097811506,oof_treino
1_S10E09_186_u,-0.08083949003782594,oof_treino
1_S10E09_194_u,-0.20733209076068992,oof_treino
1_S10E09_258_u,-0.2116748488332273,oof_treino
1_S10E09_324_u,-0.3747723484340163,oof_treino
1_S10E10_009_u,-0.0565952341038448,modelo_treino
1_S10E10_090_u,-0.2345997113052068,oof_treino
1_S10E10_158_u,-0.2815754745877617,oof_treino
1_S10E10_269_u,-0.20711889263018704,oof_treino
1_S10E10_376_u,-0.2988766025139864,oof_treino
1_S10E11_321_u,-0.27414839107902234,oof_treino
1_S10E12_115_u,-0.041874695615988174,oof_treino
1_S10E13_095_u,-0.19299456471747492,modelo_treino
1_S10E13_135_u,-0.2957869479269439,oof_treino
1_S10E14_032_u,-0.3452818371930215,modelo_treino
1_S10E14_056_u,-0.2862156956104325,oof_treino
1_S10E14_094_u,-0.1521693367004512,oof_treino
1_S10E14_476_u,-0.3339692677678361,oof_treino
1_S10E16_009_u,-0.2848038184338884,oof_treino
1_S10E17_032_u,-0.1510804980658888,oof_treino
1_S10E17_096_u,-0.32790165478584593,oof_treino
1_S10E17_125_u,-0.30145568407913603,oof_treino
1_S10E17_146_u,-0.2961465125288655,modelo_treino
1_S10E17_287_u,-0.22222712028826577,oof_treino
1_S10E18_164_u,-0.3062553448407744,oof_treino
1_S10E18_266_u,-0.17290693239222651,oof_treino
1_S10E18_323_u,-0.3265843412442677,oof_treino
1_S10E18_391_u,-0.26210232028391833,oof_treino
1_S10E18_423_u,-0.11077253772847061,oof_treino
1_S10E19_015_u,-0.19899893173490305,oof_treino
1_S10E19_252_u,-0.24023572039129315,oof_treino
1_S10E21_151_u,-0.3374545976111377,oof_treino
1_S10E21_200_u,-0.19978376007449145,modelo_treino
1_S10E23_165_u,-0.16665187876923562,oof_treino
1_S11E01_100_u,-0.31009008824924067,oof_treino
1_S11E01_222_u,-0.2935796153379359,oof_treino
1_S11E01_337_u,-0.17037664371304076,oof_treino
1_S11E01_400_u,-0.16323495034950133,oof_treino
1_S11E01_446_u,-0.3261412271151049,modelo_treino
1_S11E02_008_u,-0.3512035405362609,oof_treino
1_S11E02_030_u,-0.1995876567926684,modelo_treino
1_S11E02_049_u,0.06387498244347248,oof_treino
1_S11E02_127_u,0.06252214945142576,oof_treino
1_S11E02_205_u,-0.31851761150431074,oof_treino
1_S11E02_299_u,-0.2922720998579164,modelo_treino
1_S11E03_006_u,-0.16117670306273257,oof_treino
1_S11E03_067_u,-0.007220495975043188,modelo_treino
1_S11E03_169_u,-0.16160293278201565,oof_treino
1_S11E03_220_u,-0.16635006578388917,oof_treino
1_S11E03_250_u,-0.34085903372388776,oof_treino
1_S11E03_321_u,-0.17913462675382172,oof_treino
1_S11E03_365_u,-0.18910657614014822,oof_treino
1_S11E04_005_u,-0.12590486607475765,oof_treino
1_S11E04_016_u,0.005430301173141733,oof_treino
1_S11E04_024_u,-0.2427739829435845,modelo_treino
1_S11E04_067_u,-0.31482247739145947,oof_treino
1_S11E04_137_u,0.006631176364342004,modelo_treino
1_S11E04_162_u,-0.10397197278340847,oof_treino
1_S11E04_273_u,-0.2178926302885282,oof_treino
1_S11E04_298_u,-0.0769066412961537,modelo_treino
1_S11E04_315_u,-0.37297355575209684,oof_treino
1_S11E04_347_u,-0.2602857595226984,oof_treino
1_S11E05_005_u,-0.1610315872244084,oof_treino
1_S11E05_060_u,-0.25690594515778314,oof_treino
1_S11E05_099_u,-0.042496539829995704,modelo_treino
1_S11E05_156_u,-0.2925430041843548,oof_treino
1_S11E05_186_u,-0.3072360867618221,oof_treino
1_S11E05_193_u,-0.20325328005900747,modelo_treino
1_S11E05_253_u,-0.1649611298180376,oof_treino
1_S11E05_306_u,-0.06243659487370787,oof_treino
1_S11E05_343_u,-0.3346776467534013,modelo_treino
1_S11E05_370_u,-0.24180357882428305,oof_treino
1_S11E05_402_u,-0.22305846194139542,modelo_treino
1_S11E05_429_u,-0.21499970347706418,oof_treino
1_S11E05_448_u,-0.4052805836234629,modelo_treino
1_S11E06_003_u,-0.29279148328809723,oof_treino
1_S11E06_019_u,-0.24508489682115855,oof_treino
1_S11E06_060_u,0.07131851225185204,oof_treino
1_S11E06_102_u,-0.20462214600701445,modelo_treino
1_S11E06_187_u,-0.25933725406645297,oof_treino
1_S11E06_249_u,-0.10588372255467843,oof_treino
1_S11E06_391_u,-0.2953463965765632,oof_treino
1_S11E06_410_u,-0.22343439946544347,oof_treino
1_S11E06_448_u,-0.15752221785280987,modelo_treino
1_S11E07_026_u,-0.33203275135095955,modelo_treino
1_S11E07_112_u,-0.3307552064199705,oof_treino
1_S11E07_153_u,-0.19832591773766312,modelo_treino
1_S11E07_161_u,-0.2849939244872488,oof_treino
1_S11E07_220_u,-0.10568838045124813,oof_treino
1_S11E07_265_u,-0.36877908996891184,oof_treino
1_S11E07_271_u,-0.36826090271455997,oof_treino
1_S11E07_381_u,-0.25611155839058314,oof_treino
1_S11E07_405_u,0.08693273177773952,modelo_treino
1_S11E07_415_u,-0.14404880439835938,oof_treino
1_S11E08_005_u,-0.32335196270986344,oof_treino
1_S11E08_113_u,-0.21222163377271738,oof_treino
1_S11E08_137_u,-0.31495974519976033,oof_treino
1_S11E08_142_u,-0.27882766324590996,oof_treino
1_S11E08_195_u,-0.38470008908718273,oof_treino
1_S11E08_217_u,-0.23168988537601842,oof_treino
1_S11E08_283_u,-0.1371827951352913,oof_treino
1_S11E08_305_u,-0.3449107206719436,oof_treino
1_S11E08_351_u,-0.2454175830798315,oof_treino
1_S11E08_428_u,-0.28532807813245115,modelo_treino
1_S11E10_009_u,-0.42700894329483713,oof_treino
1_S11E10_062_u,-0.2601251413382798,oof_treino
1_S11E10_143_u,-0.3190067713432652,oof_treino
1_S11E10_228_u,-0.2407609074911581,oof_treino
1_S11E10_240_u,-0.2304572534341303,oof_treino
1_S11E10_249_u,-0.33403867657253883,oof_treino
1_S11E10_297_u,-0.31472019173064053,oof_treino
1_S11E10_309_u,-0.22877490937281952,oof_treino
1_S11E10_337_u,-0.13038259518474307,oof_treino
1_S11E10_432_u,-0.18325475394195948,oof_treino
1_S11E10_461_u,-0.17887648678505877,oof_treino
1_S11E11_024_u,-0.3403444893313312,oof_treino
1_S11E11_055_u,-0.2000015870567342,oof_treino
1_S11E11_077_u,-0.10425763364530782,oof_treino
1_S11E11_098_u,-0.31225261759370904,oof_treino
1_S11E11_127_u,-0.1841821568774936,oof_treino
1_S11E11_182_u,-0.06951141599342063,oof_treino
1_S11E11_217_u,-0.18691602590306153,oof_treino
1_S11E11_301_u,-0.30707071343187814,oof_treino
1_S11E11_343_u,-0.2557361071662542,oof_treino
1_S11E11_403_u,-0.10774922152151253,oof_treino
1_S11E12_038_u,-0.3457474153061419,oof_treino
1_S11E12_237_u,-0.2954631270145974,oof_treino
1_S11E12_279_u,-0.25578055894125923,oof_treino
1_S11E12_290_u,-0.3004401202691644,oof_treino
1_S11E13_001_u,-0.21899024064242734,oof_treino
1_S11E13_211_u,-0.25202387659067227,oof_treino
1_S11E13_362_u,-0.1543767482016321,modelo_treino
1_S11E16_170_u,-0.16734591029956736,modelo_treino
1_S11E18_206_u,-0.2821088434985493,oof_treino
1_S11E19_030_u,-0.19607262604311756,oof_treino
1_S11E19_143_u,-0.18154444242118398,oof_treino
1_S11E20_143_u,-0.31159197549454903,oof_treino
1_S11E20_332_u,-0.0548857263916281,oof_treino
1_S11E21_080_u,-0.17385299456806796,oof_treino
1_S11E21_201_u,-0.0485599817601559,modelo_treino
1_S11E22_069_u,-0.21454888743365927,oof_treino
1_S11E22_149_u,-0.30164681511585545,oof_treino
1_S11E22_205_u,-0.34180220961529,oof_treino
1_S11E22_260_u,-0.2993274359906517,oof_treino
1_S11E23_048_u,-0.1765191753049724,modelo_treino
1_S11E24_338_u,-0.19732767481200134,oof_treino
1_S12E01_111_u,-0.2592038076624957,oof_treino
1_S12E01_139_u,-0.22052975327762467,oof_treino
1_S12E01_150_u,-0.14319746277186285,modelo_treino
1_S12E01_248_u,-0.09128126714688244,oof_treino
1_S12E01_268_u,-0.2755517472043207,oof_treino
1_S12E01_274_u,-0.27569838057754104,oof_treino
1_S12E01_297_u,-0.1639794797386709,oof_treino
1_S12E01_325_u,-0.2281145686779393,oof_treino
1_S12E01_332_u,-0.22619909277813705,oof_treino
1_S12E01_339_u,-0.12529014983697637,oof_treino
1_S12E02_006_u,-0.28816593153077286,modelo_treino
1_S12E02_105_u,-0.23741286821695104,oof_treino
1_S12E02_118_u,-0.27813931664096125,oof_treino
1_S12E02_204_u,-0.262016167519844,oof_treino
1_S12E02_228_u,-0.1989569006593968,oof_treino
1_S12E02_262_u,-0.07922577771958578,oof_treino
1_S12E02_274_u,-0.13025439392622054,oof_treino
1_S12E02_358_u,-0.2914610979083697,oof_treino
1_S12E02_385_u,-0.08664775206948197,oof_treino
1_S12E02_433_u,0.042353762565836846,oof_treino
1_S12E02_443_u,-0.24932189843896504,oof_treino
1_S12E02_466_u,-0.19596768726557817,oof_treino
1_S12E02_471_u,0.034132056718937515,oof_treino
1_S12E03_061_u,-0.19515408475683244,oof_treino
1_S12E03_095_u,-0.2453969763359276,oof_treino
1_S12E03_101_u,-0.2115337498293187,oof_treino
1_S12E03_118_u,-0.23423499083977015,oof_treino
1_S12E03_174_u,-0.14364253175301925,oof_treino
1_S12E03_195_u,-0.13023962665874425,modelo_treino
1_S12E03_239_u,-0.367340197330619,oof_treino
1_S12E03_263_u,-0.21223547820858188,oof_treino
1_S12E03_286_u,-0.16290429097046744,modelo_treino
1_S12E03_310_u,-0.08713095290001252,oof_treino
1_S12E03_337_u,-0.23194300523393005,oof_treino
1_S12E03_338_u,-0.25501957615183235,oof_treino
1_S12E03_380_u,-0.18574878570718353,oof_treino
1_S12E03_410_u,-0.20510835506655942,oof_treino
1_S12E03_449_u,-0.020501277686165446,oof_treino
1_S12E04_003_u,-0.24674644550853903,oof_treino
1_S12E04_027_u,-0.3108122090184786,oof_treino
1_S12E04_040_u,-0.21022485314464803,oof_treino
1_S12E04_046_u,-0.2567324801245081,modelo_treino
1_S12E04_055_u,-0.24345849667260278,oof_treino
1_S12E04_070_u,-0.2820043738833406,oof_treino
1_S12E04_076_u,-0.18024683072102807,oof_treino
1_S12E04_102_u,-0.1717370669119895,oof_treino
1_S12E04_195_u,-0.17718273866870984,modelo_treino
1_S12E04_204_u,-0.24530893807703008,oof_treino
1_S12E04_233_u,-0.2577871534103152,oof_treino
1_S12E04_242_u,-0.3738205382115019,oof_treino
1_S12E04_249_u,-0.33967757926126735,oof_treino
1_S12E04_276_u,-0.2617895466032076,oof_treino
1_S12E04_456_u,-0.24174643510943833,oof_treino
1_S12E05_030_u,-0.06617142558880174,oof_treino
1_S12E05_054_u,-0.31491986672240146,oof_treino
1_S12E05_083_u,-0.2210346333698694,modelo_treino
1_S12E05_110_u,-0.25720681301699105,oof_treino
1_S12E05_134_u,-0.2177090247204749,oof_treino
1_S12E06_010_u,-0.21572612981775138,oof_treino
1_S12E06_016_u,-0.3582433689082102,oof_treino
1_S12E06_027_u,-0.1060863593965373,oof_treino
1_S12E06_088_u,-0.2741686168363798,oof_treino
1_S12E06_111_u,-0.3084390669565787,oof_treino
1_S12E06_171_u,-0.08197602778485127,modelo_treino
1_S12E06_229_u,-0.08612777338302727,oof_treino
1_S12E06_248_u,-0.36372607237748494,modelo_treino
1_S12E06_287_u,-0.2633957436719626,oof_treino
1_S12E06_316_u,-0.31993670985447287,oof_treino
1_S12E06_367_u,-0.3167965038988644,modelo_treino
1_S12E06_412_u,-0.2607959398845619,oof_treino
1_S12E07_005_u,-0.20419551428462032,oof_treino
1_S12E07_060_u,-0.32052587396908194,oof_treino
1_S12E07_092_u,-0.3311400930475039,oof_treino
1_S12E07_105_u,-0.2345168647011594,oof_treino
1_S12E07_147_u,-0.05592561504798179,oof_treino
1_S12E07_169_u,-0.28508733051505897,oof_treino
1_S12E07_179_u,-0.2529835724546637,modelo_treino
1_S12E07_264_u,-0.19036347115575064,oof_treino
1_S12E07_424_u,-0.2636196743859282,oof_treino
1_S12E07_443_u,-0.296106073480619,oof_treino
1_S12E08_006_u,-0.13370977354617067,oof_treino
1_S12E08_023_u,-0.37601961138348516,oof_treino
1_S12E08_071_u,-0.24646697401612266,oof_treino
1_S12E08_098_u,-0.3198522737546534,oof_treino
1_S12E08_103_u,-0.22449662537897852,oof_treino
1_S12E08_135_u,-0.2591346664601307,oof_treino
1_S12E08_258_u,-0.1817489986507014,modelo_treino
1_S12E08_445_u,-0.0013801005639240923,oof_treino
1_S12E09_005_u,-0.2546673795008741,oof_treino
1_S12E09_081_u,-0.26699778820250936,oof_treino
1_S12E09_090_u,-0.259343535556577,oof_treino
1_S12E09_103_u,-0.07055450589428912,oof_treino
1_S12E09_175_u,-0.06784748657059034,oof_treino
1_S12E09_207_u,-0.24955811032291295,oof_treino
1_S12E09_307_u,-0.2557452366640641,oof_treino
1_S12E09_369_u,-0.22191304511263876,oof_treino
1_S12E09_413_u,-0.33404075620658424,oof_treino
1_S12E10_076_u,-0.2584454800875079,oof_treino
1_S12E10_195_u,-0.17465836494445253,oof_treino
1_S12E10_245_u,-0.2901861512670337,oof_treino
1_S12E11_002_u,-0.2312471714552791,oof_treino
1_S12E11_072_u,-0.3371435260073032,oof_treino
1_S12E11_190_u,-0.03700298673634586,oof_treino
1_S12E11_199_u,-0.1784346271490234,oof_treino
1_S12E11_216_u,-0.021985769054073998,modelo_treino
1_S12E12_030_u,-0.19592042618329383,modelo_treino
1_S12E12_043_u,-0.17888159818123053,oof_treino
1_S12E12_086_u,-0.034866998810013504,modelo_treino
1_S12E12_266_u,-0.22184357290742748,oof_treino
1_S12E12_281_u,-0.16313481466790294,oof_treino
1_S12E12_371_u,-0.20762088698911463,modelo_treino
1_S12E13_088_u,-0.22273641630843632,oof_treino
1_S12E13_224_u,-0.26235127571302086,oof_treino
1_S12E14_125_u,-0.16967426326664617,oof_treino
1_S12E14_152_u,-0.350727249772831,oof_treino
1_S12E15_013_u,-0.24706914308887978,oof_treino
1_S12E15_064_u,-0.20307422639495024,oof_treino
1_S12E15_154_u,-0.2282631003936151,modelo_treino
1_S12E15_273_u,-0.057692032071385846,modelo_treino
1_S12E15_351_u,-0.25136437093035396,oof_treino
1_S12E15_420_u,-0.1185593947568599,oof_treino
1_S12E16_140_u,-0.37188341251470114,oof_treino
1_S12E17_085_u,-0.18789132645963152,oof_treino
1_S12E17_124_u,-0.27581475542717787,oof_treino
1_S12E17_195_u,-0.27983592861243783,oof_treino
1_S12E17_336_u,-0.22186132148796625,oof_treino
1_S12E18_030_u,-0.33023218424234285,oof_treino
1_S12E18_159_u,-0.25019620874767917,oof_treino
1_S12E18_198_u,-0.34932712218480416,oof_treino
1_S12E18_225_u,-0.3539943929980697,oof_treino
1_S12E18_290_u,-0.32716872872068287,oof_treino
1_S12E18_303_u,-0.20410207765016194,oof_treino
1_S12E19_143_u,-0.3459955197343937,modelo_treino
1_S12E19_354_u,-0.30062948189796085,oof_treino
1_S12E20_378_u,-0.21465381161308023,oof_treino
1_S12E21_167_u,-0.2702383756528915,modelo_treino
1_S12E21_261_u,-0.13287356854316998,oof_treino
1_S12E21_285_u,-0.28836509848796976,oof_treino
1_S12E22_004_u,-0.3355503231718403,oof_treino
1_S12E22_066_u,-0.31277628895227577,oof_treino
1_S12E22_188_u,-0.32561741914131614,oof_treino
1_S12E22_211_u,-0.20402756524950802,oof_treino
1_S12E23_209_u,-0.24067414711764556,oof_treino
1_S12E23_350_u,-0.2750652381208689,oof_treino
1_S12E23_389_u,-0.19040895583174985,oof_treino
1_S12E23_470_u,-0.24546563020527798,oof_treino
1_S12E23_488_u,-0.15191593033872453,oof_treino
1_S12E23_539_u,-0.06106153756231157,oof_treino
1_S12E23_576_u,-0.340513056574202,modelo_treino
1_S12E23_600_u,-0.26431377632944975,oof_treino
2_1_u,-0.2814158374985579,oof_treino
2_102_u,-0.4470426611786905,modelo_treino
2_103_u,-0.31746077261518446,oof_treino
2_104_u,-0.23898034072337482,oof_treino
2_105_u,-0.30042939760760967,oof_treino
2_107_u,-0.24145670776949785,oof_treino
2_109_u,-0.13122138179229906,oof_treino
2_11_u,-0.2799991642344582,modelo_treino
2_111_u,-0.08864098895600438,modelo_treino
2_112_u,-0.11542364530822347,oof_treino
2_113_u,-0.16897422620594066,oof_treino
2_114_u,-0.1933468007346684,oof_treino
2_115_u,-0.32358782672937103,oof_treino
2_118_u,-0.15508662782579194,modelo_treino
2_119_u,-0.18248135681040095,oof_treino
2_12_u,-0.26632072235146315,oof_treino
2_120_u,-0.09511775554238791,oof_treino
2_121_u,-0.1947965208273839,modelo_treino
2_123_u,-0.28282056527780225,modelo_treino
2_124_u,-0.27204929705084485,oof_treino
2_125_u,-0.10274874992067322,oof_treino
2_126_u,-0.3771182609245312,modelo_treino
2_127_u,-0.2723412060326727,oof_treino
2_128_u,-0.23838428293913955,oof_treino
2_129_u,-0.11934394048074391,modelo_treino
2_13_u,-0.3254481006573691,modelo_treino
2_131_u,-0.12322703491182589,oof_treino
2_134_u,-0.28297942313606017,oof_treino
2_135_u,-0.3497928740935706,modelo_treino
2_137_u,-0.12608011816042003,oof_treino
2_140_u,-0.19493641774891776,modelo_treino
2_141_u,-0.24843759873955293,oof_treino
2_144_u,-0.026683251847338538,modelo_treino
2_146_u,-0.20149217056521626,modelo_treino
2_147_u,-0.2982829558105291,oof_treino
2_148_u,-0.1239469051688479,oof_treino
2_149_u,0.031302071325223814,oof_treino
2_15_u,-0.2756574284919873,oof_treino
2_150_u,-0.28368541276261855,oof_treino
2_151_u,-0.2592902120368451,oof_treino
2_152_u,-0.3313852235154479,oof_treino
2_154_u,-0.2719792705896615,modelo_treino
2_155_u,-0.19065552301728758,oof_treino
2_158_u,-0.08342810239153119,modelo_treino
2_160_u,-0.2720696595715946,oof_treino
2_161_u,-0.10022007115476539,oof_treino
2_162_u,-0.26251634343639907,oof_treino
2_163_u,-0.15346286846180418,modelo_treino
2_166_u,-0.29206196228593695,oof_treino
2_168_u,-0.27694289048226767,oof_treino
2_169_u,-0.36790154406853315,oof_treino
2_170_u,-0.10848438786732131,oof_treino
2_171_u,-0.24503042682649878,oof_treino
2_172_u,-0.03131649171906526,oof_treino
2_173_u,-0.27321610031623556,oof_treino
2_174_u,-0.2420003040260394,oof_treino
2_176_u,-0.21165378225790382,oof_treino
2_177_u,-0.012758100881746393,oof_treino
2_178_u,-0.21676307850982274,oof_treino
2_180_u,-0.10530296950140212,modelo_treino
2_181_u,0.08641702483962548,oof_treino
2_182_u,-0.23995455185509376,modelo_treino
2_183_u,-0.07949579904959163,oof_treino
2_186_u,-0.2091073333665245,oof_treino
2_187_u,-0.2574264309714192,oof_treino
2_188_u,-0.2664472300575242,oof_treino
2_189_u,-0.21257016700118478,oof_treino
2_190_u,-0.25922490255917113,modelo_treino
2_191_u,-0.34492062065614704,oof_treino
2_193_u,-0.24814298155261771,oof_treino
2_194_u,-0.04922584028601831,oof_treino
2_196_u,-0.1686185647929069,modelo_treino
2_197_u,-0.17295799285137523,oof_treino
2_198_u,-0.0543719767683583,oof_treino
2_2_u,-0.22472907866270878,oof_treino
2_20_u,-0.1783957720520221,oof_treino
2_202_u,-0.08678993373972094,modelo_treino
2_203_u,-0.3443655287565892,oof_treino
2_204_u,-0.2986925678953544,oof_treino
2_205_u,-0.2998490585423634,modelo_treino
2_206_u,-0.34570897083580887,oof_treino
2_208_u,-0.13358423133955252,oof_treino
2_209_u,-0.08276970105559489,oof_treino
2_210_u,-0.12553433934558156,oof_treino
2_213_u,-0.10037834758693888,modelo_treino
2_217_u,-0.13889798484467605,modelo_treino
2_218_u,-0.17951330200372387,oof_treino
2_221_u,-0.2933561030938158,oof_treino
2_222_u,-0.3118933061620755,modelo_treino
2_223_u,-0.04676307250755776,oof_treino
2_225_u,-0.22754069389073261,oof_treino
2_226_u,-0.2758496704247479,oof_treino
2_227_u,-0.2292518895363323,oof_treino
2_228_u,-0.223187258372146,oof_treino
2_230_u,-0.24943874052504086,oof_treino
2_231_u,-0.2309915256813476,oof_treino
2_232_u,-0.2772836770678295,modelo_treino
2_234_u,0.027254012202251387,modelo_treino
2_235_u,-0.18588164170710617,oof_treino
2_236_u,-0.23601473218617183,oof_treino
2_24_u,-0.1588670612583151,oof_treino
2_240_u,-0.2396893890494897,oof_treino
2_241_u,-0.27475089131213337,oof_treino
2_242_u,-0.172689990715339,oof_treino
2_243_u,-0.34920062098419297,oof_treino
2_245_u,-0.18574769360040266,oof_treino
2_246_u,-0.2877345190212837,oof_treino
2_247_u,-0.08847167864814921,oof_treino
2_248_u,-0.24050566784651542,oof_treino
2_250_u,-0.29401243706575836,modelo_treino
2_251_u,-0.3302052418757141,oof_treino
2_253_u,-0.13351964361890828,modelo_treino
2_254_u,-0.20069081704472566,modelo_treino
2_255_u,-0.24663849629329523,modelo_treino
2_257_u,-0.24986937148454497,modelo_treino
2_258_u,-0.32322831150259557,oof_treino
2_259_u,-0.19183291424061547,modelo_treino
2_260_u,-0.18755128426355214,oof_treino
2_261_u,-0.37685608223833833,oof_treino
2_263_u,-0.08538778395044377,oof_treino
2_264_u,-0.02381557011887893,modelo_treino
2_267_u,0.04764383352715397,modelo_treino
2_268_u,-0.22633270732535432,oof_treino
2_27_u,-0.11203282861574274,oof_treino
2_270_u,-0.19655005324626063,oof_treino
2_271_u,-0.27453403067663934,modelo_treino
2_272_u,-0.3348241040936476,oof_treino
2_278_u,-0.012700762365429554,oof_treino
2_279_u,-0.20966438655728517,oof_treino
2_28_u,-0.03961844517997772,oof_treino
2_280_u,-0.2985071751286121,oof_treino
2_281_u,-0.13626636170202347,modelo_treino
2_282_u,-0.1710163053034571,modelo_treino
2_283_u,-0.22194002512536723,oof_treino
2_284_u,-0.16887512032529453,oof_treino
2_286_u,-0.20199392972796598,oof_treino
2_287_u,-0.2785203074073042,oof_treino
2_288_u,-0.22505001053298263,oof_treino
2_289_u,-0.043117190096195496,oof_treino
2_29_u,-0.0026753060965522242,modelo_treino
2_291_u,-0.19135402113652886,oof_treino
2_292_u,-0.2706168582879108,modelo_treino
2_293_u,-0.2923871111974828,modelo_treino
2_294_u,0.007032948046105935,oof_treino
2_295_u,-0.31101001303699083,oof_treino
2_297_u,-0.3018541070785653,oof_treino
2_299_u,-0.23342399756747673,oof_treino
2_3_u,-0.23240441262975428,oof_treino
2_30_u,-0.23568910904916354,oof_treino
2_300_u,-0.2088440772641817,modelo_treino
2_301_u,-0.1768609247971671,oof_treino
2_302_u,-0.379917670175162,modelo_treino
2_303_u,-0.24174576410789642,oof_treino
2_305_u,-0.15850374366202544,oof_treino
2_306_u,-0.25649216844745054,modelo_treino
2_31_u,-0.2828118052076064,modelo_treino
2_310_u,-0.2658072661378585,oof_treino
2_312_u,-0.27826919517602583,oof_treino
2_313_u,-0.25431769658288617,oof_treino
2_314_u,-0.27032261479920144,oof_treino
2_315_u,-0.2276049731858554,modelo_treino
2_316_u,-0.11703150153653245,modelo_treino
2_317_u,-0.14496397624706445,oof_treino
2_318_u,-0.2389495726101955,modelo_treino
2_319_u,-0.06982071797454917,modelo_treino
2_322_u,-0.19938009811539226,oof_treino
2_323_u,-0.10414385459383527,oof_treino
2_326_u,-0.2694709404157934,oof_treino
2_33_u,-0.17194782180037613,modelo_treino
2_334_u,-0.14085781230150432,oof_treino
2_337_u,-0.2739880426053992,oof_treino
2_338_u,-0.24361958386542354,modelo_treino
2_339_u,-0.1537758670960104,oof_treino
2_34_u,-0.2835612789916196,oof_treino
2_340_u,-0.055766290830629055,modelo_treino
2_341_u,-0.07467990458413125,oof_treino
2_342_u,-0.31881211495404604,modelo_treino
2_343_u,-0.24271851167623248,oof_treino
2_344_u,-0.15638724820787503,modelo_treino
2_345_u,-0.33470758857155924,oof_treino
2_347_u,-0.08185266012725378,oof_treino
2_35_u,-0.34607494534332783,oof_treino
2_350_u,-0.1607791258055384,modelo_treino
2_351_u,-0.4207547676101275,modelo_treino
2_352_u,-0.3197577252182517,modelo_treino
2_353_u,-0.3444870696683778,oof_treino
2_356_u,-0.03149197386291038,oof_treino
2_357_u,-0.17737001458866783,modelo_treino
2_358_u,-0.1971194442812089,oof_treino
2_359_u,-0.14990406668996073,oof_treino
2_36_u,-0.2491643256267869,oof_treino
2_361_u,-0.24881235390426562,oof_treino
2_365_u,-0.2543021351319531,oof_treino
2_367_u,-0.20400634187650443,oof_treino
2_369_u,-0.16509352321726556,oof_treino
2_370_u,-0.2575151436755537,oof_treino
2_371_u,-0.2770706438348658,oof_treino
2_372_u,-0.30007699922483216,oof_treino
2_373_u,-0.1951896635427982,oof_treino
2_374_u,-0.21590591924415453,oof_treino
2_375_u,-0.34830787560750837,oof_treino
2_376_u,-0.4143335282994727,oof_treino
2_377_u,-0.2500258189701882,oof_treino
2_378_u,-0.23586708729365463,modelo_treino
2_38_u,-0.3033400777105307,oof_treino
2_380_u,-0.3289826076199914,oof_treino
2_381_u,-0.31735701019253654,modelo_treino
2_385_u,-0.2087706503315377,modelo_treino
2_387_u,-0.2952924899814581,oof_treino
2_388_u,0.046057688974968404,oof_treino
2_389_u,-0.22050939672303158,oof_treino
2_39_u,-0.2523670690370576,oof_treino
2_390_u,-0.3748457441537937,modelo_treino
2_392_u,-0.3378094725335437,oof_treino
2_393_u,-0.10675579029987851,oof_treino
2_397_u,-0.17857391835245934,oof_treino
2_398_u,-0.32716480368115425,modelo_treino
2_400_u,-0.08760521611672928,oof_treino
2_405_u,-0.30989556426688764,oof_treino
2_406_u,-0.14585748639976576,oof_treino
2_407_u,0.16547384166332707,oof_treino
2_408_u,-0.2799221841038793,oof_treino
2_409_u,-0.07951205010947658,oof_treino
2_410_u,-0.290658707305766,oof_treino
2_413_u,-0.271752133158093,modelo_treino
2_415_u,-0.23205687226430258,oof_treino
2_416_u,-0.2356240883299707,oof_treino
2_419_u,0.09978327132032624,modelo_treino
2_42_u,-0.32030305577277346,modelo_treino
2_420_u,-0.29962766065562146,oof_treino
2_421_u,-0.25381015278867447,oof_treino
2_422_u,-0.3542973744485933,oof_treino
2_423_u,-0.18678589883485397,oof_treino
2_425_u,0.012202775549041029,oof_treino
2_426_u,-0.16020910014979295,oof_treino
2_427_u,-0.2539198851257676,modelo_treino
2_428_u,-0.2509136058980293,oof_treino
2_429_u,-0.16333130132394844,modelo_treino
2_43_u,-0.21712845026060976,oof_treino
2_430_u,-0.039070430193301725,oof_treino
2_431_u,-0.33031578878637696,oof_treino
2_433_u,-0.22383685478268783,oof_treino
2_434_u,-0.1390005665344287,oof_treino
2_435_u,-0.32352598048737735,oof_treino
2_437_u,-0.2950812307747291,oof_treino
2_438_u,-0.1151277353057732,oof_treino
2_439_u,-0.2220951441581195,oof_treino
2_44_u,-0.19240655081144645,oof_treino
2_440_u,-0.23994677340586526,oof_treino
2_441_u,-0.08610406510955881,oof_treino
2_442_u,-0.3725716295550854,modelo_treino
2_443_u,-0.4042422970905942,oof_treino
2_444_u,-0.23249493007789884,modelo_treino
2_445_u,-0.11729409170837189,modelo_treino
2_446_u,-0.1495696011003674,oof_treino
2_447_u,-0.2286868544037663,oof_treino
2_448_u,-0.022633852837335794,oof_treino
2_449_u,-0.3126152318792604,oof_treino
2_45_u,-0.3438501829089096,modelo_treino
2_450_u,-0.2256880463841571,oof_treino
2_454_u,-0.19350795564872583,oof_treino
2_456_u,-0.2706725155291333,oof_treino
2_457_u,-0.16610353535353525,oof_treino
2_458_u,-0.009731330583904123,oof_treino
2_461_u,-0.2300399514700985,oof_treino
2_462_u,-0.27154359188569693,modelo_treino
2_463_u,-0.2699523761913467,oof_treino
2_464_u,-0.1867723236909576,oof_treino
2_465_u,-0.2541315236585165,modelo_treino
2_467_u,-0.15873028059831468,modelo_treino
2_471_u,-0.29041275700563624,oof_treino
2_472_u,-0.34635648932699376,oof_treino
2_473_u,-0.08983095519676398,oof_treino
2_474_u,0.0038572390729898487,oof_treino
2_475_u,-0.16649478025987313,oof_treino
2_477_u,-0.2313153071164874,oof_treino
2_478_u,-0.2522942887793895,oof_treino
2_479_u,-0.34750732702754766,modelo_treino
2_48_u,-0.24029290982638504,oof_treino
2_481_u,0.06182369140241159,oof_treino
2_482_u,-0.2814171195090315,modelo_treino
2_484_u,-0.32254387592255235,oof_treino
2_485_u,-0.06929355059714967,modelo_treino
2_486_u,-0.03071610846726946,modelo_treino
2_487_u,-0.21876103349265116,oof_treino
2_488_u,-0.2378177586302586,oof_treino
2_489_u,-0.28853563375622165,modelo_treino
2_49_u,-0.3152362229273994,oof_treino
2_490_u,-0.1710514954959614,oof_treino
2_491_u,-0.27474950498131623,oof_treino
2_492_u,-0.2137506815758937,oof_treino
2_493_u,-0.12023466593319536,oof_treino
2_494_u,-0.23031837918989642,oof_treino
2_495_u,-0.25679397664885284,modelo_treino
2_498_u,-0.3271275272356929,oof_treino
2_499_u,-0.23392901400786467,modelo_treino
2_50_u,-0.3698690891760746,oof_treino
2_500_u,-0.2083371347649598,oof_treino
2_502_u,-0.2578103570764174,modelo_treino
2_504_u,-0.16213843557042093,modelo_treino
2_505_u,-0.30010435187447565,modelo_treino
2_506_u,-0.3422837626805312,modelo_treino
2_507_u,-0.3268779725498959,modelo_treino
2_508_u,-0.31069602304400057,oof_treino
2_509_u,-0.39397175839010196,oof_treino
2_51_u,-0.15034333211722917,oof_treino
2_511_u,-0.38103555435792275,oof_treino
2_512_u,-0.3542548467327878,modelo_treino
2_514_u,-0.3033389604712167,oof_treino
2_517_u,0.20083973258638513,modelo_treino
2_518_u,-0.2737580628901254,oof_treino
2_521_u,0.17964054009429395,oof_treino
2_522_u,-0.314916926458045,oof_treino
2_523_u,-0.2877589366329691,oof_treino
2_524_u,-0.24151002763647877,oof_treino
2_525_u,-0.13728024521774534,modelo_treino
2_526_u,-0.2316551954595685,modelo_treino
2_527_u,-0.2102356621420089,oof_treino
2_53_u,-0.21545824811673583,modelo_treino
2_530_u,-0.2634921672826085,oof_treino
2_531_u,-0.25536594701523135,oof_treino
2_532_u,-0.20284221490888785,oof_treino
2_534_u,-0.18533228087630166,modelo_treino
2_535_u,-0.18687293329592083,oof_treino
2_536_u,-0.023277219097265548,oof_treino
2_537_u,-0.29863675805403755,oof_treino
2_54_u,-0.2997744801960167,modelo_treino
2_540_u,-0.055796294134142436,oof_treino
2_541_u,-0.15834779498537227,oof_treino
2_542_u,-0.28586350324798476,oof_treino
2_546_u,-0.1370874731169816,oof_treino
2_547_u,-0.1717165473164894,oof_treino
2_548_u,0.01771391310273984,oof_treino
2_549_u,-0.13536337725598566,oof_treino
2_55_u,-0.21874880487661055,oof_treino
2_550_u,-0.1312783896386838,oof_treino
2_552_u,-0.2940265186882832,oof_treino
2_553_u,-0.18887097818260756,oof_treino
2_555_u,-0.17375484216863854,oof_treino
2_556_u,-0.22049951770723827,oof_treino
2_557_u,-0.09683960371027939,oof_treino
2_558_u,-0.2948999243678205,oof_treino
2_559_u,-0.28000797566654745,oof_treino
2_56_u,-0.1705110072747456,modelo_treino
2_560_u,-0.2904072259869471,modelo_treino
2_562_u,-0.22444256770920867,oof_treino
2_564_u,-0.20612607672040725,oof_treino
2_567_u,0.11325876907821564,oof_treino
2_569_u,-0.16685177435034,modelo_treino
2_570_u,-0.3256076574211251,oof_treino
2_572_u,-0.10056509216116412,modelo_treino
2_573_u,-0.31648044932865016,oof_treino
2_574_u,-0.28196852687216456,oof_treino
2_575_u,-0.1711258159267061,modelo_treino
2_576_u,-0.31318225435293673,modelo_treino
2_577_u,-0.12103928056162956,oof_treino
2_579_u,-0.251357827769496,oof_treino
2_58_u,-0.04556739087437617,modelo_treino
2_581_u,-0.13313551847762378,oof_treino
2_583_u,-0.20532996887873053,oof_treino
2_585_u,-0.19165225416425108,oof_treino
2_586_u,-0.3106176298582453,oof_treino
2_587_u,-0.149312442685024,modelo_treino
2_588_u,-0.3491455715945847,oof_treino
2_589_u,-0.23720732676479575,oof_treino
2_590_u,-0.1717385304968509,modelo_treino
2_591_u,-0.23389470844772697,modelo_treino
2_594_u,-0.2324038969752012,oof_treino
2_595_u,-0.23461898441542403,oof_treino
2_596_u,-0.17380268281555053,modelo_treino
2_598_u,-0.0375576722003773,oof_treino
2_599_u,-0.39766910968933017,modelo_treino
2_602_u,-0.2731508345276728,oof_treino
2_604_u,-0.08340245902117033,modelo_treino
2_607_u,-0.26411004397969745,oof_treino
2_608_u,-0.3136006717060316,oof_treino
2_609_u,-0.2230094146658581,oof_treino
2_611_u,-0.04727054878815716,modelo_treino
2_612_u,-0.1912587081598885,modelo_treino
2_615_u,-0.1875624081979538,oof_treino
2_617_u,-0.18706798382001555,oof_treino
2_622_u,-0.21381113836570492,oof_treino
2_623_u,0.002498832186332187,oof_treino
2_626_u,-0.2621009533659495,modelo_treino
2_627_u,-0.22655156371119986,oof_treino
2_65_u,-0.150891159125389,modelo_treino
2_66_u,-0.09789435451767613,oof_treino
2_69_u,-0.2119016379074428,oof_treino
2_7_u,-0.11897654723873766,oof_treino
2_71_u,-0.2037514331393008,oof_treino
2_72_u,-0.13588636071172833,oof_treino
2_73_u,-0.300507457257941,oof_treino
2_74_u,-0.27262003038599397,modelo_treino
2_77_u,-0.19222321779742446,oof_treino
2_78_u,-0.281549836279132,oof_treino
2_79_u,-0.14293884760177333,modelo_treino
2_8_u,-0.2872195858765129,oof_treino
2_84_u,-0.3541549262105572,oof_treino
2_86_u,0.16685460735013755,oof_treino
2_87_u,-0.2896831249604082,oof_treino
2_88_u,-0.09211384080888725,modelo_treino
2_89_u,-0.3484401690858734,modelo_treino
2_9_u,-0.31595821750775305,modelo_treino
2_91_u,-0.03386521531229351,oof_treino
2_92_u,-0.32254242966713953,oof_treino
2_94_u,-0.309338914367939,oof_treino
2_96_u,-0.30770058080178053,oof_treino
2_97_u,-0.04278738820447409,modelo_treino
3_S01E01_128_u,-0.2137343680463842,oof_treino
3_S01E01_226_u,-0.19686707411668714,oof_treino
3_S01E01_255_u,-0.37087291692583874,oof_treino
3_S01E01_568_u,-0.29987890568037623,oof_treino
3_S01E02_004_u,-0.1897109175546675,oof_treino
3_S01E02_324_u,-0.23250663517768785,modelo_treino
3_S01E02_461_u,-0.16623627884270292,oof_treino
3_S01E03_021_u,-0.18694727122436106,oof_treino
3_S01E03_024_u,-0.21742538533018418,oof_treino
3_S01E03_056_u,-0.25814172220538323,modelo_treino
3_S01E03_122_u,-0.2341275582396905,oof_treino
3_S01E03_249_u,-0.3428398690948999,modelo_treino
3_S01E03_359_u,-0.39203803363121553,oof_treino
3_S01E03_517_u,-0.34287054934105343,oof_treino
3_S01E04_009_u,-0.13120652040669464,oof_treino
3_S01E04_327_u,-0.26720523473774255,oof_treino
3_S01E04_342_u,-0.13140734695659237,oof_treino
3_S01E04_356_u,-0.19399376660348028,oof_treino
3_S01E05_417_u,-0.08069218363336014,oof_treino
3_S01E05_456_u,-0.31055205719418194,oof_treino
3_S01E05_520_u,-0.29349123687629863,oof_treino
3_S01E06_054_u,-0.2931373029203912,oof_treino
3_S01E06_266_u,-0.3338257936092688,oof_treino
3_S01E08_422_u,-0.32961075246920846,oof_treino
3_S02E01_050_u,-0.3796371517235485,oof_treino
3_S02E01_096_u,-0.34259632571948745,oof_treino
3_S02E01_413_u,-0.16122016697528624,oof_treino
3_S02E02_081_u,-0.3119704725421638,oof_treino
3_S02E03_218_u,-0.3311061441282029,oof_treino
3_S02E03_229_u,-0.2343250999086913,oof_treino
3_S02E03_244_u,-0.2616535731962396,oof_treino
3_S02E03_370_u,-0.26404831094759496,modelo_treino
3_S02E03_561_u,-0.34513180394382015,oof_treino
3_S02E04_162_u,-0.2499122639903532,oof_treino
3_S02E04_395_u,-0.37869117563651233,oof_treino
3_S02E05_179_u,-0.30243802610143544,oof_treino
3_S02E05_378_u,-0.2646711466876066,oof_treino
3_S02E05_466_u,-0.2609612029446589,oof_treino
3_S02E07_256_u,-0.17156717989612738,oof_treino
3_S02E10_133_u,-0.2623942328096741,oof_treino
3_S03E01_185_u,-0.25347188443221735,modelo_treino
3_S03E01_409_u,-0.19816852174456676,oof_treino
3_S03E01_431_u,-0.03253640315366318,oof_treino
3_S03E02_062_u,-0.21544163081285755,oof_treino
3_S03E02_111_u,-0.24186221446467177,oof_treino
3_S03E03_012_u,-0.33966031659975154,modelo_treino
3_S03E03_111_u,-0.32373608509724977,oof_treino
3_S03E03_126_u,-0.11999442272052561,oof_treino
3_S03E03_316_u,-0.2637456980655509,oof_treino
3_S03E03_511_u,-0.3240067637972051,oof_treino
3_S03E04_437_u,-0.05755381330342629,oof_treino
3_S04E01_575_u,-0.3389710404977433,oof_treino
3_S04E02_217_u,-0.19102158144573012,oof_treino
3_S04E02_326_u,-0.23598895380648477,oof_treino
3_S04E04_363_u,-0.2359309606193313,oof_treino
3_S04E05_313_u,-0.28041910955330074,oof_treino
3_S04E05_320_u,-0.3003817696679538,oof_treino
3_S04E05_485_u,-0.10248438864412161,oof_treino
3_S04E05_497_u,-0.2940210231625673,oof_treino
3_S04E06_526_u,-0.29669806235789214,oof_treino
3_S04E07_292_u,-0.2715226945540413,oof_treino
3_S04E10_120_u,-0.3320163761569527,oof_treino
3_S05E01_120_u,-0.12111077043226805,modelo_treino
3_S05E02_072_u,-0.33405276015426255,oof_treino
3_S05E02_532_u,-0.369976611616511,oof_treino
3_S05E03_098_u,-0.11609880934697107,oof_treino
3_S05E05_119_u,-0.25696909513793526,oof_treino
3_S05E06_207_u,-0.2688016290864715,oof_treino
3_S06E01_317_u,-0.24894488783275542,oof_treino
3_S06E01_417_u,-0.16600534017997257,oof_treino
3_S06E01_460_u,-0.2981973239680283,oof_treino
3_S06E02_152_u,-0.28786287972791463,oof_treino
3_S06E02_171_u,-0.2773763234851664,oof_treino
3_S06E02_398_u,-0.0740352906968619,oof_treino
3_S06E03_366_u,-0.24880690067766884,oof_treino
3_S06E05_355_u,-0.2439329717172084,oof_treino
3_S06E06_143_u,-0.1875779828902894,oof_treino
3_S06E07_272_u,-0.2444068029908974,modelo_treino
