KEY,label,prediction,prob_sarcasm
1_11042_u,0,1,0.5206272377322976
1_11098_u,1,1,0.5353007823841343
1_11232_u,1,0,0.3995591830120933
1_11242_u,1,0,0.4688134539316158
1_11889_u,0,0,0.45883667989581756
1_3348_u,0,1,0.5829278207069364
1_5751_u,0,1,0.5154663642320763
1_6039_u,0,1,0.5449397583347821
1_6221_u,1,0,0.43808404731767536
1_7089_u,1,0,0.4970507409986321
1_8185_u,0,0,0.48090464476640027
1_8717_u,1,1,0.6095905533808329
1_S09E03_135_u,0,0,0.4533800160667529
1_S09E04_053_u,0,1,0.5159014589638622
1_S09E05_258_u,0,1,0.5042256328467599
1_S09E12_184_u,1,0,0.46007648722733724
1_S10E03_144_u,1,1,0.5592558737016904
1_S10E03_154_u,0,0,0.45509287797466746
1_S10E04_277_u,0,0,0.4434050631135247
1_S10E04_343_u,0,1,0.521709335097253
1_S10E04_361_u,0,0,0.4969758656706465
1_S10E05_110_u,0,1,0.7151191938743161
1_S10E13_095_u,1,0,0.38813166429202745
1_S10E14_032_u,1,1,0.5893746754323967
1_S10E17_146_u,1,0,0.49511118153117156
1_S11E02_299_u,0,1,0.5090151198907094
1_S11E03_067_u,0,0,0.4285307205414209
1_S11E04_024_u,1,0,0.4981100510436829
1_S11E04_137_u,0,0,0.36273561097447116
1_S11E04_298_u,0,0,0.4516387887456217
1_S11E05_193_u,1,0,0.42932093935137544
1_S11E05_343_u,0,1,0.5092236403953156
1_S11E05_402_u,0,0,0.4593359251539532
1_S11E06_102_u,1,0,0.47550186140923073
1_S11E07_405_u,0,0,0.3595096891022681
1_S11E13_362_u,1,0,0.4193417627665652
1_S11E16_170_u,1,0,0.44661029094806987
1_S11E21_201_u,1,0,0.4638996924285251
1_S11E23_048_u,1,0,0.4919425913020265
1_S12E01_150_u,0,0,0.47999921546057495
1_S12E02_006_u,0,1,0.5275479722046633
1_S12E03_195_u,1,0,0.4484442503818524
1_S12E04_046_u,1,0,0.428529263361696
1_S12E04_195_u,1,1,0.6048279474857917
1_S12E05_083_u,0,0,0.47514657009941913
1_S12E06_171_u,0,0,0.4537156280922298
1_S12E06_367_u,0,1,0.5456558282049976
1_S12E07_179_u,0,0,0.4043476860111679
1_S12E08_258_u,1,0,0.4656590146552578
1_S12E11_216_u,1,0,0.2540084386336779
1_S12E12_030_u,1,0,0.4621816662463728
1_S12E12_086_u,1,0,0.4352743224329063
1_S12E15_154_u,1,1,0.5550129697082441
2_102_u,1,1,0.6334303541313528
2_11_u,1,1,0.5549387207880692
2_111_u,0,0,0.41517016679819924
2_118_u,0,0,0.2934042079623975
2_121_u,1,1,0.6193937652757614
2_126_u,1,1,0.590557076672259
2_129_u,1,1,0.7040424627459936
2_13_u,0,0,0.45456696845302536
2_135_u,1,1,0.5928364294881923
2_144_u,1,1,0.6687644313127383
2_146_u,0,0,0.3949756282369322
2_154_u,0,1,0.5747041087817889
2_158_u,1,1,0.5467046663307453
2_163_u,1,0,0.42820241204110004
2_180_u,0,0,0.4029259455424878
2_182_u,1,1,0.5726942948281152
2_196_u,0,1,0.5444560866177423
2_202_u,0,0,0.48653244657374417
2_205_u,0,0,0.48005333693816077
2_213_u,0,0,0.346135193849741
2_217_u,0,0,0.39904995864229387
2_222_u,1,1,0.802582849096545
2_232_u,0,0,0.409035413785119
2_234_u,0,0,0.4773847401633046
2_250_u,1,0,0.37250226914752477
2_253_u,0,0,0.33511485931001334
2_254_u,1,0,0.4938123160433261
2_255_u,1,1,0.554020153821826
2_257_u,0,0,0.4853608523177155
2_264_u,0,1,0.6249256626699249
2_267_u,0,1,0.5034412657622804
2_281_u,1,1,0.696576975518815
2_282_u,1,0,0.2976456593145029
2_29_u,0,1,0.5167061975948063
2_292_u,1,1,0.6580174913797029
2_293_u,0,0,0.44084665039117327
2_300_u,0,0,0.3795310453222201
2_302_u,0,0,0.438004668744981
2_31_u,1,0,0.4833267537250356
2_315_u,1,1,0.5073790656379175
2_316_u,0,0,0.3253315379262453
2_318_u,1,0,0.38064060467760114
2_319_u,0,0,0.2509773651588062
2_33_u,0,0,0.44657895953307736
2_340_u,0,0,0.3884311151442494
2_342_u,1,1,0.5618256530779278
2_344_u,1,1,0.5354728218614345
2_350_u,1,1,0.7874456479240879
2_351_u,1,1,0.6337391100037996
2_352_u,1,0,0.49492945939018396
2_357_u,1,0,0.3836626498454254
2_378_u,1,1,0.5077135162652324
2_385_u,0,0,0.3811232689806755
2_390_u,1,1,0.612691426827758
2_398_u,1,1,0.6990669420534288
2_413_u,0,0,0.41406991473198435
2_419_u,0,0,0.49581511412860785
2_427_u,0,0,0.35577578341625066
2_429_u,1,1,0.5028164256181444
2_442_u,1,1,0.6612424115616001
2_444_u,0,0,0.2880118885720668
2_445_u,0,1,0.6641213198117725
2_45_u,1,1,0.7052323198415135
2_462_u,1,1,0.6303563452552915
2_465_u,1,1,0.5458191975926743
2_467_u,0,0,0.35533256672746255
2_479_u,1,1,0.6616960876584572
2_482_u,0,1,0.5195378907936142
2_486_u,0,0,0.478381508029935
2_489_u,1,1,0.6431881368513613
2_495_u,0,1,0.5089086527239242
2_499_u,0,0,0.4668831769273323
2_502_u,1,1,0.5798482774950102
2_504_u,1,0,0.46507689941227964
2_505_u,1,0,0.43431005460089017
2_506_u,0,0,0.4272760561863976
2_507_u,1,1,0.584967089994519
2_512_u,1,1,0.6121082445462183
2_517_u,0,0,0.4829034220102736
2_525_u,0,0,0.2741852253404732
2_53_u,0,0,0.299432578038823
2_534_u,0,0,0.4458711358526231
2_54_u,1,0,0.46196651652543247
2_56_u,0,0,0.38294534856653206
2_560_u,1,0,0.33392170815613914
2_569_u,0,0,0.20280833914559754
2_572_u,0,0,0.38466854852849414
2_575_u,1,0,0.43721531666064073
2_576_u,0,0,0.3098721235562552
2_58_u,0,0,0.358720611417402
2_587_u,1,1,0.6117152942450066
2_590_u,0,0,0.3706506315816438
2_591_u,0,1,0.5158375359892535
2_599_u,1,1,0.7065098774079153
2_604_u,1,1,0.7408434596649623
2_611_u,1,0,0.3594174991747891
2_612_u,1,1,0.5341416084088209
2_626_u,0,0,0.438774442930405
2_65_u,0,0,0.4716760776314276
2_74_u,1,1,0.5113923934767903
2_79_u,0,1,0.5925627049150127
2_88_u,0,0,0.2609465993161754
2_89_u,1,1,0.5933424978461717
2_9_u,1,1,0.555020889441106
2_97_u,1,0,0.3601090157841921
