candidate_id,modalities,classifier,n_features,best_params,grid_best_f1,mean_f1,std_f1,mean_precision,mean_recall,mean_accuracy,mean_pr_auc
context+audio__random_forest,context+audio,random_forest,1536,"{""model__max_depth"": 10, ""model__max_features"": ""sqrt"", ""model__min_samples_leaf"": 4, ""model__n_estimators"": 300}",0.7535940446260458,0.7535940446260458,0.12400117458790409,0.7775126990567782,0.7800365736047314,0.7571111542809488,0.8163551105825466
text+context+audio+visual__svm,text+context+audio+visual,svm,2320,"{""model__C"": 10, ""model__gamma"": ""scale"", ""model__kernel"": ""rbf""}",0.7513322307872926,0.7513322307872926,0.12225858324432529,0.7684625300354495,0.7741733997325293,0.7549756572367263,0.8436350923069952
text+context+audio__svm,text+context+audio,svm,2304,"{""model__C"": 10, ""model__gamma"": ""scale"", ""model__kernel"": ""rbf""}",0.7506405682309047,0.7506405682309047,0.1285252030317359,0.7683889457176963,0.7740722751654043,0.7537706901717321,0.8417717362922836
context+audio+visual__svm,context+audio+visual,svm,1552,"{""model__C"": 10, ""model__gamma"": ""scale"", ""model__kernel"": ""rbf""}",0.7502263312671603,0.7502263312671603,0.12780234022233689,0.7668641847761901,0.772928069611862,0.7534872139603084,0.8307066500528857
text+context+audio__random_forest,text+context+audio,random_forest,2304,"{""model__max_depth"": 20, ""model__max_features"": ""log2"", ""model__min_samples_leaf"": 1, ""model__n_estimators"": 300}",0.7486043575906898,0.7486043575906898,0.13005450211434122,0.7711080608924196,0.7748630179548703,0.7513923584905703,0.8046610324589206
context+audio__svm,context+audio,svm,1536,"{""model__C"": 10, ""model__gamma"": ""scale"", ""model__kernel"": ""rbf""}",0.7459361600739296,0.7459361600739296,0.12927695050857407,0.7650815660427766,0.7688663309820788,0.7493661495702566,0.8310749974974738
context+audio+visual__random_forest,context+audio+visual,random_forest,1552,"{""model__max_depth"": 20, ""model__max_features"": ""sqrt"", ""model__min_samples_leaf"": 1, ""model__n_estimators"": 500}",0.7453993015801366,0.7453993015801366,0.13851615756022265,0.7726545148223718,0.7720679534529031,0.748386044033189,0.813252395201061
text+context+audio+visual__random_forest,text+context+audio+visual,random_forest,2320,"{""model__max_depth"": 10, ""model__max_features"": ""sqrt"", ""model__min_samples_leaf"": 2, ""model__n_estimators"": 500}",0.7435972472084524,0.7435972472084524,0.12068510897461118,0.7684704343952269,0.7694490942705421,0.7476872176408549,0.8144751049266477
text+context+visual__random_forest,text+context+visual,random_forest,1552,"{""model__max_depth"": 10, ""model__max_features"": ""log2"", ""model__min_samples_leaf"": 4, ""model__n_estimators"": 500}",0.7406427279835275,0.7406427279835275,0.1247905555991766,0.7698564594358392,0.7699412108650542,0.7435962412090735,0.8018119259516292
text+context+audio+visual__logistic_regression,text+context+audio+visual,logistic_regression,2320,"{""model__C"": 0.1, ""model__penalty"": ""l2"", ""model__solver"": ""liblinear""}",0.7371780270190343,0.7371780270190343,0.09314722480975984,0.744280071027078,0.751980957771143,0.7447645597303576,0.8184100955573452
text+context__random_forest,text+context,random_forest,1536,"{""model__max_depth"": 10, ""model__max_features"": ""sqrt"", ""model__min_samples_leaf"": 1, ""model__n_estimators"": 500}",0.7358352403763966,0.7358352403763966,0.12676976402340875,0.7690494424217574,0.7652348390935437,0.7397649535895763,0.7998536073626898
context__random_forest,context,random_forest,768,"{""model__max_depth"": 10, ""model__max_features"": ""sqrt"", ""model__min_samples_leaf"": 4, ""model__n_estimators"": 500}",0.7343345365375347,0.7343345365375347,0.14255459483359365,0.7687475142633675,0.7652439211216062,0.736859105035961,0.8039188037908168
context+visual__random_forest,context+visual,random_forest,784,"{""model__max_depth"": 10, ""model__max_features"": ""sqrt"", ""model__min_samples_leaf"": 4, ""model__n_estimators"": 300}",0.7340288901670304,0.7340288901670304,0.13071991667418356,0.7688918607109227,0.7645649654965944,0.737167732723603,0.804995065550248
text+context+audio__logistic_regression,text+context+audio,logistic_regression,2304,"{""model__C"": 0.1, ""model__penalty"": ""l2"", ""model__solver"": ""liblinear""}",0.7331666468739959,0.7331666468739959,0.10766048486310467,0.7415503376645646,0.7479479978702339,0.7401940444208008,0.8158610869951094
context+audio__logistic_regression,context+audio,logistic_regression,1536,"{""model__C"": 0.1, ""model__penalty"": ""l2"", ""model__solver"": ""liblinear""}",0.7318516947333296,0.7318516947333296,0.13105089544730167,0.7443336572431516,0.750781616619367,0.7355880848939552,0.7958319034966922
text+context__svm,text+context,svm,1536,"{""model__C"": 1, ""model__gamma"": ""scale"", ""model__kernel"": ""rbf""}",0.7281138966589102,0.7281138966589102,0.13686558223051934,0.7638446746814986,0.7639091146118737,0.729013634421503,0.8266748010850969
context+audio+visual__logistic_regression,context+audio+visual,logistic_regression,1552,"{""model__C"": 0.1, ""model__penalty"": ""l2"", ""model__solver"": ""liblinear""}",0.7278909813285224,0.7278909813285224,0.13116199384928245,0.7417153276398742,0.7478177493792857,0.7312767056356411,0.7959573714850912
text+context+visual__svm,text+context+visual,svm,1552,"{""model__C"": 1, ""model__gamma"": ""scale"", ""model__kernel"": ""rbf""}",0.7278662922271864,0.7278662922271864,0.1335236361838511,0.7623968570963177,0.7632112636833284,0.7287948125775637,0.8273925416595688
context+visual__svm,context+visual,svm,784,"{""model__C"": 10, ""model__gamma"": 0.001, ""model__kernel"": ""rbf""}",0.7235194977102669,0.7235194977102669,0.18072325776270587,0.762790320720859,0.7630580856978282,0.724039662008127,0.8179403575073781
context__svm,context,svm,768,"{""model__C"": 10, ""model__gamma"": 0.001, ""model__kernel"": ""rbf""}",0.7189933040665544,0.7189933040665544,0.18060913666733913,0.7574489183629244,0.7574252473747414,0.7197006967030045,0.8190176903307066
text+context+visual__logistic_regression,text+context+visual,logistic_regression,1552,"{""model__C"": 0.1, ""model__penalty"": ""l1"", ""model__solver"": ""liblinear""}",0.7172012410801276,0.7172012410801276,0.11967457788769786,0.7381350749803824,0.7436257719071924,0.7192492717905216,0.7893210067932606
text+context__logistic_regression,text+context,logistic_regression,1536,"{""model__C"": 0.1, ""model__penalty"": ""l2"", ""model__solver"": ""liblinear""}",0.7166989514359671,0.7166989514359671,0.10442286419017202,0.733253830881327,0.7400060836403016,0.7197966467505189,0.8018321338700968
context+visual__logistic_regression,context+visual,logistic_regression,784,"{""model__C"": 0.1, ""model__penalty"": ""l1"", ""model__solver"": ""liblinear""}",0.7136569314447713,0.7136569314447713,0.14612711367335496,0.7396221372346089,0.7411049735014141,0.7152709268720684,0.7680996099336976
context__logistic_regression,context,logistic_regression,768,"{""model__C"": 0.1, ""model__penalty"": ""l1"", ""model__solver"": ""liblinear""}",0.7135901768010479,0.7135901768010479,0.15055281895351214,0.7375208080230522,0.7389904038115298,0.7155016224396717,0.7646042371066564
text+audio__svm,text+audio,svm,1536,"{""model__C"": 1, ""model__gamma"": ""scale"", ""model__kernel"": ""rbf""}",0.6514960427524278,0.6514960427524278,0.025476900652804474,0.6604677520908423,0.6635451822177838,0.666618335726594,0.7113028931060791
text+audio+visual__svm,text+audio+visual,svm,1552,"{""model__C"": 10, ""model__gamma"": 0.001, ""model__kernel"": ""rbf""}",0.6433095231943805,0.6433095231943805,0.047145137875730526,0.652734204950417,0.6587276246300148,0.6572409698833057,0.7030260469591832
text+audio+visual__logistic_regression,text+audio+visual,logistic_regression,1552,"{""model__C"": 0.1, ""model__penalty"": ""l1"", ""model__solver"": ""liblinear""}",0.6265912256290286,0.6265912256290286,0.026793859424010483,0.631323109826491,0.6376927718501113,0.6394185193215789,0.6487090469308252
text+audio+visual__random_forest,text+audio+visual,random_forest,1552,"{""model__max_depth"": 10, ""model__max_features"": ""log2"", ""model__min_samples_leaf"": 4, ""model__n_estimators"": 100}",0.6263804214500076,0.6263804214500076,0.032658918025661766,0.6387879694628936,0.6426731719559061,0.6362659346612002,0.6852234300820722
text+audio__random_forest,text+audio,random_forest,1536,"{""model__max_depth"": 20, ""model__max_features"": ""sqrt"", ""model__min_samples_leaf"": 1, ""model__n_estimators"": 500}",0.6230789046828944,0.6230789046828944,0.05552560141422016,0.6407561456503422,0.6410222317242229,0.6357524894279358,0.6913199372442075
audio+visual__random_forest,audio+visual,random_forest,784,"{""model__max_depth"": 10, ""model__max_features"": ""sqrt"", ""model__min_samples_leaf"": 4, ""model__n_estimators"": 300}",0.6220323991830593,0.6220323991830593,0.06115781281847372,0.6358461335362561,0.6367140736695409,0.6335413883904155,0.6723131284917266
audio__random_forest,audio,random_forest,768,"{""model__max_depth"": 10, ""model__max_features"": ""sqrt"", ""model__min_samples_leaf"": 4, ""model__n_estimators"": 300}",0.6181500396821724,0.6181500396821724,0.04901552399596135,0.6301599750360372,0.6325587013068669,0.6303827217740905,0.6817291454202442
text+audio__logistic_regression,text+audio,logistic_regression,1536,"{""model__C"": 0.1, ""model__penalty"": ""l1"", ""model__solver"": ""liblinear""}",0.6133496518219215,0.6133496518219215,0.031711483361031016,0.618191831870772,0.6248134401856295,0.6252420219627671,0.6511173735126148
audio+visual__svm,audio+visual,svm,784,"{""model__C"": 1, ""model__gamma"": 0.001, ""model__kernel"": ""rbf""}",0.613302653041939,0.613302653041939,0.02087402412396737,0.624051710992405,0.6249799036758723,0.6296194587686215,0.6748889292271076
audio__svm,audio,svm,768,"{""model__C"": 1, ""model__gamma"": 0.001, ""model__kernel"": ""rbf""}",0.6061540066971531,0.6061540066971531,0.02526458304070801,0.6181107583174262,0.6188400041875711,0.62207025901812,0.670565146751976
text__svm,text,svm,768,"{""model__C"": 1, ""model__gamma"": 0.001, ""model__kernel"": ""rbf""}",0.6017188023716662,0.6017188023716662,0.03740249908929018,0.6086191860250966,0.6169956612472258,0.6097888873277879,0.6515673251379409
text+visual__svm,text+visual,svm,784,"{""model__C"": 1, ""model__gamma"": ""scale"", ""model__kernel"": ""rbf""}",0.5991350882600924,0.5991350882600924,0.04569027336034767,0.6065790151856703,0.6146715404077311,0.6067502241262674,0.6478369626207916
text+visual__random_forest,text+visual,random_forest,784,"{""model__max_depth"": null, ""model__max_features"": ""sqrt"", ""model__min_samples_leaf"": 4, ""model__n_estimators"": 100}",0.5971997439902863,0.5971997439902863,0.04831895528336139,0.6079506886559235,0.6162542398838089,0.6030073782733946,0.6360609005949526
text__random_forest,text,random_forest,768,"{""model__max_depth"": 10, ""model__max_features"": ""sqrt"", ""model__min_samples_leaf"": 4, ""model__n_estimators"": 500}",0.5932648863777851,0.5932648863777851,0.03303817047398385,0.6100331201146764,0.6165549337226748,0.5998384220849812,0.6323917816850535
audio__logistic_regression,audio,logistic_regression,768,"{""model__C"": 0.1, ""model__penalty"": ""l1"", ""model__solver"": ""liblinear""}",0.5904696421510518,0.5904696421510518,0.056678492791588986,0.6005227207876032,0.6029303154553176,0.6052374043595508,0.6501368267068784
audio+visual__logistic_regression,audio+visual,logistic_regression,784,"{""model__C"": 0.1, ""model__penalty"": ""l1"", ""model__solver"": ""liblinear""}",0.5853399126404861,0.5853399126404861,0.04404264769870799,0.5945236972137986,0.5966432651514241,0.6002625989565628,0.6442069691437939
text+visual__logistic_regression,text+visual,logistic_regression,784,"{""model__C"": 0.1, ""model__penalty"": ""l1"", ""model__solver"": ""liblinear""}",0.5743221482736599,0.5743221482736599,0.05012475617229475,0.5832118131269748,0.5895451181710774,0.5814315282425806,0.621511288108517
text__logistic_regression,text,logistic_regression,768,"{""model__C"": 0.1, ""model__penalty"": ""l1"", ""model__solver"": ""liblinear""}",0.5703557229166324,0.5703557229166324,0.04597511345292361,0.581107445646906,0.5868933212841053,0.5760550842222669,0.6311396423337609
visual__svm,visual,svm,16,"{""model__C"": 100, ""model__gamma"": ""scale"", ""model__kernel"": ""rbf""}",0.5465033147998277,0.5465033147998277,0.027611447050047807,0.5501222278061656,0.5526125273437273,0.5626455905129002,0.5613431695435505
visual__logistic_regression,visual,logistic_regression,16,"{""model__C"": 0.1, ""model__penalty"": ""l1"", ""model__solver"": ""liblinear""}",0.5424053237857791,0.5424053237857791,0.06296783592744712,0.54546273910341,0.5448285594895621,0.5729607970642187,0.5324393616843613
visual__random_forest,visual,random_forest,16,"{""model__max_depth"": 10, ""model__max_features"": ""sqrt"", ""model__min_samples_leaf"": 2, ""model__n_estimators"": 500}",0.5381081439117142,0.5381081439117142,0.03433233422927394,0.5426032744941977,0.546901899367447,0.5521226827553178,0.5623128362813725
