KEY,SPEAKER,Sarcasm,fold
1_10009_u,PENNY,0,5
1_1001_u,RAJ,0,2
1_1003_u,HOWARD,1,2
1_10462_u,HOWARD,1,2
1_10495_u,AMY,1,4
1_10748_u,AMY,1,4
1_10797_u,AMY,0,4
1_10849_u,HOWARD,0,2
1_10853_u,PENNY,0,5
1_10857_u,RAJ,0,2
1_10859_u,HOWARD,0,2
1_10890_u,RAJ,1,2
1_10977_u,HOWARD,0,2
1_11006_u,PENNY,1,5
1_11021_u,PENNY,1,5
1_11046_u,HOWARD,0,2
1_11051_u,PERSON,0,4
1_11055_u,LEONARD,1,3
1_11201_u,AMY,0,4
1_11224_u,HOWARD,1,2
1_11243_u,HOWARD,1,2
1_11257_u,HOWARD,0,2
1_11306_u,HOWARD,0,2
1_11322_u,PENNY,1,5
1_11378_u,HOWARD,1,2
1_11439_u,PENNY,1,5
1_11485_u,PENNY,0,5
1_11609_u,RAJ,0,2
1_11697_u,PENNY,1,5
1_11699_u,RAJ,1,2
1_11723_u,RAJ,0,2
1_11736_u,PERSON,0,4
1_11773_u,PENNY,1,5
1_1185_u,LEONARD,0,3
1_11885_u,PERSON,1,4
1_11913_u,HOWARD,1,2
1_11924_u,HOWARD,1,2
1_11928_u,AMY,0,4
1_12083_u,HOWARD,0,2
1_12202_u,LEONARD,1,3
1_12275_u,PERSON,0,4
1_12320_u,RAJ,0,2
1_12331_u,PENNY,0,5
1_1296_u,HOWARD,1,2
1_1470_u,PENNY,0,5
1_1478_u,HOWARD,1,2
1_1549_u,HOWARD,1,2
1_162_u,HOWARD,0,2
1_1627_u,PERSON,0,4
1_1638_u,LEONARD,1,3
1_1666_u,LEONARD,0,3
1_1678_u,RAJ,0,2
1_1732_u,PERSON,1,4
1_1772_u,HOWARD,1,2
1_1798_u,RAJ,1,2
1_1803_u,LEONARD,1,3
1_1931_u,LEONARD,1,3
1_1973_u,PENNY,1,5
1_1987_u,PENNY,1,5
1_2075_u,LEONARD,0,3
1_2119_u,PERSON,1,4
1_2216_u,LEONARD,0,3
1_2361_u,LEONARD,0,3
1_2420_u,LEONARD,0,3
1_2464_u,PENNY,1,5
1_2580_u,HOWARD,1,2
1_2614_u,LEONARD,1,3
1_2616_u,LEONARD,1,3
1_2664_u,LEONARD,0,3
1_2669_u,LEONARD,0,3
1_276_u,LEONARD,1,3
1_2778_u,RAJ,1,2
1_2792_u,PENNY,0,5
1_2830_u,RAJ,0,2
1_2837_u,LEONARD,0,3
1_2842_u,HOWARD,0,2
1_3125_u,HOWARD,1,2
1_3177_u,RAJ,0,2
1_3204_u,RAJ,0,2
1_3256_u,PERSON,1,4
1_3259_u,PERSON,1,4
1_3333_u,HOWARD,0,2
1_3371_u,PERSON,0,4
1_340_u,RAJ,1,2
1_3419_u,PENNY,1,5
1_3476_u,LEONARD,0,3
1_3545_u,HOWARD,1,2
1_3573_u,PENNY,1,5
1_3599_u,HOWARD,0,2
1_3649_u,PENNY,0,5
1_3660_u,PENNY,1,5
1_3707_u,LEONARD,1,3
1_3766_u,LEONARD,1,3
1_3842_u,HOWARD,0,2
1_3911_u,PERSON,0,4
1_410_u,RAJ,0,2
1_4145_u,LEONARD,1,3
1_4281_u,HOWARD,0,2
1_4290_u,HOWARD,0,2
1_430_u,RAJ,0,2
1_4477_u,PERSON,0,4
1_4544_u,AMY,0,4
1_4552_u,AMY,0,4
1_4576_u,AMY,0,4
1_4603_u,HOWARD,0,2
1_4639_u,PERSON,0,4
1_4743_u,HOWARD,1,2
1_4789_u,PERSON,1,4
1_4949_u,RAJ,0,2
1_4967_u,LEONARD,1,3
1_5109_u,RAJ,0,2
1_5134_u,PENNY,1,5
1_5156_u,HOWARD,1,2
1_5166_u,PENNY,1,5
1_5169_u,AMY,0,4
1_5211_u,AMY,1,4
1_5212_u,PERSON3,0,1
1_533_u,LEONARD,0,3
1_537_u,PENNY,1,5
1_5496_u,PENNY,1,5
1_5580_u,HOWARD,1,2
1_5617_u,PENNY,1,5
1_5627_u,RAJ,1,2
1_5758_u,AMY,1,4
1_5880_u,AMY,1,4
1_5953_u,HOWARD,0,2
1_5964_u,HOWARD,1,2
1_6092_u,LEONARD,0,3
1_6113_u,HOWARD,0,2
1_6183_u,RAJ,0,2
1_6188_u,PENNY,1,5
1_6355_u,LEONARD,1,3
1_6427_u,PENNY,1,5
1_6428_u,LEONARD,1,3
1_6627_u,LEONARD,0,3
1_6648_u,LEONARD,1,3
1_6683_u,HOWARD,1,2
1_6769_u,AMY,1,4
1_6835_u,AMY,0,4
1_70_u,PENNY,1,5
1_7047_u,LEONARD,1,3
1_7082_u,RAJ,0,2
1_7186_u,HOWARD,0,2
1_7357_u,LEONARD,1,3
1_7395_u,AMY,1,4
1_7400_u,PENNY,0,5
1_7402_u,LEONARD,1,3
1_7443_u,PENNY,0,5
1_7445_u,PENNY,0,5
1_7449_u,RAJ,0,2
1_7487_u,HOWARD,0,2
1_7490_u,HOWARD,0,2
1_7494_u,PERSON,0,4
1_7504_u,PERSON,0,4
1_7575_u,HOWARD,1,2
1_7641_u,HOWARD,0,2
1_7675_u,PENNY,0,5
1_7894_u,RAJ,0,2
1_7938_u,LEONARD,0,3
1_7953_u,PERSON,1,4
1_8042_u,HOWARD,0,2
1_8045_u,RAJ,1,2
1_8052_u,PENNY,1,5
1_8078_u,HOWARD,0,2
1_8136_u,PERSON,1,4
1_8159_u,LEONARD,0,3
1_8217_u,RAJ,0,2
1_8417_u,HOWARD,0,2
1_8452_u,PERSON,1,4
1_8505_u,RAJ,0,2
1_8746_u,AMY,1,4
1_8749_u,AMY,1,4
1_8827_u,PENNY,1,5
1_9087_u,LEONARD,1,3
1_971_u,HOWARD,1,2
1_9963_u,PERSON,0,4
1_9971_u,HOWARD,1,2
1_9972_u,PENNY,1,5
1_9993_u,PENNY,1,5
1_S09E01_027_u,PENNY,1,5
1_S09E01_379_u,PENNY,0,5
1_S09E01_403_u,PENNY,0,5
1_S09E01_439_u,HOWARD,0,2
1_S09E02_002_u,LEONARD,0,3
1_S09E02_064_u,AMY,0,4
1_S09E02_215_u,PENNY,0,5
1_S09E02_271_u,HOWARD,0,2
1_S09E02_371_u,PENNY,0,5
1_S09E02_386_u,PENNY,0,5
1_S09E02_392_u,PENNY,0,5
1_S09E03_072_u,LEONARD,1,3
1_S09E03_120_u,RAJ,0,2
1_S09E03_125_u,LEONARD,1,3
1_S09E03_143_u,AMY,0,4
1_S09E03_170_u,PENNY,0,5
1_S09E03_233_u,AMY,0,4
1_S09E03_241_u,HOWARD,0,2
1_S09E03_359_u,HOWARD,0,2
1_S09E03_476_u,LEONARD,0,3
1_S09E04_015_u,PENNY,0,5
1_S09E04_074_u,HOWARD,0,2
1_S09E04_088_u,HOWARD,0,2
1_S09E04_106_u,HOWARD,0,2
1_S09E04_230_u,LEONARD,0,3
1_S09E04_267_u,LEONARD,0,3
1_S09E04_288_u,AMY,1,4
1_S09E04_342_u,HOWARD,0,2
1_S09E04_351_u,RAJ,0,2
1_S09E05_022_u,LEONARD,0,3
1_S09E05_213_u,RAJ,0,2
1_S09E05_222_u,RAJ,0,2
1_S09E05_284_u,AMY,0,4
1_S09E06_055_u,HOWARD,1,2
1_S09E06_168_u,RAJ,1,2
1_S09E07_054_u,PENNY,1,5
1_S09E07_135_u,HOWARD,1,2
1_S09E07_285_u,RAJ,1,2
1_S09E08_255_u,AMY,1,4
1_S09E10_065_u,PENNY,1,5
1_S09E10_208_u,PENNY,1,5
1_S09E11_045_u,PENNY,1,5
1_S09E12_369_u,PENNY,1,5
1_S09E13_024_u,HOWARD,1,2
1_S09E14_045_u,LEONARD,1,3
1_S09E14_455_u,LEONARD,1,3
1_S09E16_101_u,LEONARD,1,3
1_S09E16_189_u,AMY,1,4
1_S09E18_033_u,HOWARD,1,2
1_S09E18_357_u,LEONARD,1,3
1_S09E19_044_u,PENNY,1,5
1_S09E20_127_u,HOWARD,1,2
1_S09E20_156_u,HOWARD,1,2
1_S09E20_179_u,LEONARD,1,3
1_S09E20_237_u,AMY,1,4
1_S09E20_354_u,LEONARD,1,3
1_S09E21_024_u,LEONARD,1,3
1_S09E21_255_u,HOWARD,1,2
1_S09E21_401_u,LEONARD,1,3
1_S09E22_015_u,LEONARD,1,3
1_S09E22_075_u,RAJ,1,2
1_S09E23_017_u,PENNY,1,5
1_S09E23_102_u,PENNY,1,5
1_S09E23_270_u,LEONARD,1,3
1_S09E23_420_u,PENNY,1,5
1_S09E24_014_u,LEONARD,1,3
1_S09E24_152_u,OTHER,1,4
1_S10E01_197_u,LEONARD,1,3
1_S10E01_225_u,OTHER,1,4
1_S10E01_381_u,OTHER,1,4
1_S10E01_474_u,PENNY,1,5
1_S10E02_101_u,HOWARD,1,2
1_S10E02_123_u,PENNY,0,5
1_S10E02_372_u,HOWARD,0,2
1_S10E03_260_u,RAJ,0,2
1_S10E03_282_u,RAJ,0,2
1_S10E03_311_u,LEONARD,0,3
1_S10E04_007_u,PENNY,1,5
1_S10E04_021_u,LEONARD,0,3
1_S10E04_082_u,LEONARD,0,3
1_S10E04_105_u,RAJ,0,2
1_S10E04_158_u,LEONARD,0,3
1_S10E04_194_u,AMY,0,4
1_S10E04_238_u,AMY,0,4
1_S10E04_262_u,AMY,0,4
1_S10E04_398_u,AMY,0,4
1_S10E04_403_u,AMY,0,4
1_S10E05_079_u,AMY,0,4
1_S10E05_120_u,HOWARD,0,2
1_S10E05_288_u,RAJ,1,2
1_S10E06_003_u,PENNY,0,5
1_S10E06_062_u,HOWARD,0,2
1_S10E06_091_u,LEONARD,0,3
1_S10E06_166_u,PENNY,0,5
1_S10E06_255_u,HOWARD,0,2
1_S10E07_069_u,HOWARD,1,2
1_S10E07_110_u,HOWARD,1,2
1_S10E07_140_u,RAJ,1,2
1_S10E07_163_u,HOWARD,0,2
1_S10E07_187_u,PENNY,0,5
1_S10E07_198_u,PENNY,0,5
1_S10E07_247_u,PENNY,0,5
1_S10E07_267_u,HOWARD,0,2
1_S10E08_063_u,OTHER,1,4
1_S10E08_131_u,LEONARD,1,3
1_S10E08_140_u,HOWARD,0,2
1_S10E09_066_u,PENNY,1,5
1_S10E09_081_u,HOWARD,0,2
1_S10E09_100_u,PENNY,0,5
1_S10E09_169_u,LEONARD,0,3
1_S10E09_186_u,LEONARD,0,3
1_S10E09_194_u,LEONARD,0,3
1_S10E09_258_u,HOWARD,1,2
1_S10E09_324_u,PENNY,0,5
1_S10E10_090_u,HOWARD,0,2
1_S10E10_158_u,LEONARD,0,3
1_S10E10_269_u,STUART,1,3
1_S10E10_376_u,LEONARD,0,3
1_S10E11_321_u,PENNY,1,5
1_S10E12_115_u,OTHER,1,4
1_S10E13_135_u,LEONARD,1,3
1_S10E14_056_u,LEONARD,1,3
1_S10E14_094_u,LEONARD,1,3
1_S10E14_476_u,PENNY,1,5
1_S10E16_009_u,PENNY,1,5
1_S10E17_032_u,PENNY,1,5
1_S10E17_096_u,LEONARD,1,3
1_S10E17_125_u,HOWARD,1,2
1_S10E17_287_u,HOWARD,1,2
1_S10E18_164_u,HOWARD,1,2
1_S10E18_266_u,PENNY,1,5
1_S10E18_323_u,HOWARD,1,2
1_S10E18_391_u,STUART,1,3
1_S10E18_423_u,PENNY,1,5
1_S10E19_015_u,LEONARD,1,3
1_S10E19_252_u,HOWARD,1,2
1_S10E21_151_u,PENNY,1,5
1_S10E23_165_u,PENNY,1,5
1_S11E01_100_u,AMY,0,4
1_S11E01_222_u,STUART,0,3
1_S11E01_337_u,PENNY,0,5
1_S11E01_400_u,PENNY,1,5
1_S11E02_008_u,PENNY,0,5
1_S11E02_049_u,LEONARD,0,3
1_S11E02_127_u,AMY,0,4
1_S11E02_205_u,PENNY,0,5
1_S11E03_006_u,AMY,0,4
1_S11E03_169_u,RAJ,0,2
1_S11E03_220_u,PENNY,0,5
1_S11E03_250_u,STUART,0,3
1_S11E03_321_u,OTHER,0,4
1_S11E03_365_u,AMY,0,4
1_S11E04_005_u,HOWARD,0,2
1_S11E04_016_u,OTHER,0,4
1_S11E04_067_u,LEONARD,0,3
1_S11E04_162_u,HOWARD,0,2
1_S11E04_273_u,HOWARD,0,2
1_S11E04_315_u,AMY,0,4
1_S11E04_347_u,HOWARD,1,2
1_S11E05_005_u,PENNY,0,5
1_S11E05_060_u,PENNY,0,5
1_S11E05_156_u,LEONARD,1,3
1_S11E05_186_u,LEONARD,0,3
1_S11E05_253_u,PENNY,0,5
1_S11E05_306_u,HOWARD,0,2
1_S11E05_370_u,PENNY,0,5
1_S11E05_429_u,HOWARD,0,2
1_S11E06_003_u,HOWARD,0,2
1_S11E06_019_u,HOWARD,1,2
1_S11E06_060_u,HOWARD,0,2
1_S11E06_187_u,HOWARD,0,2
1_S11E06_249_u,PENNY,0,5
1_S11E06_391_u,PENNY,0,5
1_S11E06_410_u,HOWARD,1,2
1_S11E07_112_u,OTHER,0,4
1_S11E07_161_u,PENNY,1,5
1_S11E07_220_u,STUART,0,3
1_S11E07_265_u,LEONARD,0,3
1_S11E07_271_u,RAJ,0,2
1_S11E07_381_u,LEONARD,0,3
1_S11E07_415_u,HOWARD,0,2
1_S11E08_005_u,LEONARD,0,3
1_S11E08_113_u,RAJ,0,2
1_S11E08_137_u,LEONARD,1,3
1_S11E08_142_u,HOWARD,0,2
1_S11E08_195_u,AMY,0,4
1_S11E08_217_u,LEONARD,0,3
1_S11E08_283_u,PENNY,0,5
1_S11E08_305_u,LEONARD,0,3
1_S11E08_351_u,OTHER,0,4
1_S11E10_009_u,PENNY,0,5
1_S11E10_062_u,LEONARD,0,3
1_S11E10_143_u,PENNY,0,5
1_S11E10_228_u,HOWARD,1,2
1_S11E10_240_u,HOWARD,1,2
1_S11E10_249_u,HOWARD,0,2
1_S11E10_297_u,HOWARD,0,2
1_S11E10_309_u,PENNY,1,5
1_S11E10_337_u,STUART,0,3
1_S11E10_432_u,LEONARD,0,3
1_S11E10_461_u,PENNY,0,5
1_S11E11_024_u,HOWARD,0,2
1_S11E11_055_u,RAJ,0,2
1_S11E11_077_u,HOWARD,0,2
1_S11E11_098_u,PENNY,0,5
1_S11E11_127_u,HOWARD,0,2
1_S11E11_182_u,PENNY,0,5
1_S11E11_217_u,HOWARD,0,2
1_S11E11_301_u,LEONARD,0,3
1_S11E11_343_u,HOWARD,0,2
1_S11E11_403_u,PENNY,0,5
1_S11E12_038_u,RAJ,1,2
1_S11E12_237_u,LEONARD,0,3
1_S11E12_279_u,LEONARD,0,3
1_S11E12_290_u,LEONARD,1,3
1_S11E13_001_u,LEONARD,1,3
1_S11E13_211_u,PENNY,1,5
1_S11E18_206_u,RAJ,1,2
1_S11E19_030_u,RAJ,1,2
1_S11E19_143_u,HOWARD,1,2
1_S11E20_143_u,PENNY,1,5
1_S11E20_332_u,HOWARD,1,2
1_S11E21_080_u,HOWARD,1,2
1_S11E22_069_u,PENNY,1,5
1_S11E22_149_u,HOWARD,1,2
1_S11E22_205_u,LEONARD,1,3
1_S11E22_260_u,STUART,1,3
1_S11E24_338_u,PENNY,1,5
1_S12E01_111_u,LEONARD,0,3
1_S12E01_139_u,PENNY,1,5
1_S12E01_248_u,HOWARD,1,2
1_S12E01_268_u,HOWARD,1,2
1_S12E01_274_u,AMY,0,4
1_S12E01_297_u,PENNY,1,5
1_S12E01_325_u,HOWARD,0,2
1_S12E01_332_u,PENNY,1,5
1_S12E01_339_u,PENNY,1,5
1_S12E02_105_u,HOWARD,1,2
1_S12E02_118_u,HOWARD,1,2
1_S12E02_204_u,PENNY,1,5
1_S12E02_228_u,HOWARD,1,2
1_S12E02_262_u,AMY,1,4
1_S12E02_274_u,OTHER,1,4
1_S12E02_358_u,HOWARD,1,2
1_S12E02_385_u,HOWARD,1,2
1_S12E02_433_u,AMY,0,4
1_S12E02_443_u,LEONARD,0,3
1_S12E02_466_u,OTHER,1,4
1_S12E02_471_u,OTHER,1,4
1_S12E03_061_u,HOWARD,0,2
1_S12E03_095_u,LEONARD,0,3
1_S12E03_101_u,LEONARD,1,3
1_S12E03_118_u,LEONARD,1,3
1_S12E03_174_u,PENNY,0,5
1_S12E03_239_u,HOWARD,0,2
1_S12E03_263_u,PENNY,0,5
1_S12E03_310_u,RAJ,0,2
1_S12E03_337_u,PENNY,0,5
1_S12E03_338_u,AMY,1,4
1_S12E03_380_u,LEONARD,0,3
1_S12E03_410_u,RAJ,1,2
1_S12E03_449_u,LEONARD,0,3
1_S12E04_003_u,AMY,1,4
1_S12E04_027_u,AMY,1,4
1_S12E04_040_u,PENNY,1,5
1_S12E04_055_u,LEONARD,0,3
1_S12E04_070_u,PENNY,0,5
1_S12E04_076_u,PENNY,1,5
1_S12E04_102_u,HOWARD,0,2
1_S12E04_204_u,OTHER,0,4
1_S12E04_233_u,OTHER,0,4
1_S12E04_242_u,HOWARD,1,2
1_S12E04_249_u,LEONARD,0,3
1_S12E04_276_u,OTHER,0,4
1_S12E04_456_u,PENNY,0,5
1_S12E05_030_u,RAJ,1,2
1_S12E05_054_u,AMY,0,4
1_S12E05_110_u,PENNY,1,5
1_S12E05_134_u,RAJ,0,2
1_S12E06_010_u,LEONARD,0,3
1_S12E06_016_u,LEONARD,1,3
1_S12E06_027_u,LEONARD,0,3
1_S12E06_088_u,RAJ,1,2
1_S12E06_111_u,AMY,0,4
1_S12E06_229_u,PENNY,0,5
1_S12E06_287_u,LEONARD,0,3
1_S12E06_316_u,AMY,1,4
1_S12E06_412_u,LEONARD,1,3
1_S12E07_005_u,HOWARD,0,2
1_S12E07_060_u,LEONARD,1,3
1_S12E07_092_u,HOWARD,0,2
1_S12E07_105_u,HOWARD,1,2
1_S12E07_147_u,PENNY,0,5
1_S12E07_169_u,PENNY,0,5
1_S12E07_264_u,LEONARD,0,3
1_S12E07_424_u,HOWARD,0,2
1_S12E07_443_u,LEONARD,0,3
1_S12E08_006_u,RAJ,0,2
1_S12E08_023_u,LEONARD,1,3
1_S12E08_071_u,OTHER,0,4
1_S12E08_098_u,AMY,1,4
1_S12E08_103_u,AMY,1,4
1_S12E08_135_u,HOWARD,0,2
1_S12E08_445_u,AMY,1,4
1_S12E09_005_u,AMY,1,4
1_S12E09_081_u,LEONARD,1,3
1_S12E09_090_u,LEONARD,1,3
1_S12E09_103_u,LEONARD,1,3
1_S12E09_175_u,PENNY,0,5
1_S12E09_207_u,HOWARD,0,2
1_S12E09_307_u,OTHER,1,4
1_S12E09_369_u,PENNY,1,5
1_S12E09_413_u,PENNY,0,5
1_S12E10_076_u,PENNY,0,5
1_S12E10_195_u,HOWARD,0,2
1_S12E10_245_u,LEONARD,1,3
1_S12E11_002_u,PENNY,1,5
1_S12E11_072_u,OTHER,1,4
1_S12E11_190_u,AMY,1,4
1_S12E11_199_u,RAJ,1,2
1_S12E12_043_u,HOWARD,1,2
1_S12E12_266_u,LEONARD,1,3
1_S12E12_281_u,PENNY,1,5
1_S12E13_088_u,PENNY,1,5
1_S12E13_224_u,HOWARD,1,2
1_S12E14_125_u,OTHER,1,4
1_S12E14_152_u,RAJ,1,2
1_S12E15_013_u,PENNY,1,5
1_S12E15_064_u,HOWARD,1,2
1_S12E15_351_u,PENNY,1,5
1_S12E15_420_u,HOWARD,1,2
1_S12E16_140_u,AMY,1,4
1_S12E17_085_u,LEONARD,1,3
1_S12E17_124_u,RAJ,1,2
1_S12E17_195_u,LEONARD,1,3
1_S12E17_336_u,HOWARD,1,2
1_S12E18_030_u,PENNY,1,5
1_S12E18_159_u,HOWARD,1,2
1_S12E18_198_u,STUART,1,3
1_S12E18_225_u,PENNY,1,5
1_S12E18_290_u,LEONARD,1,3
1_S12E18_303_u,HOWARD,1,2
1_S12E19_354_u,PENNY,1,5
1_S12E20_378_u,OTHER,1,4
1_S12E21_261_u,RAJ,1,2
1_S12E21_285_u,PENNY,1,5
1_S12E22_004_u,PENNY,1,5
1_S12E22_066_u,HOWARD,1,2
1_S12E22_188_u,HOWARD,1,2
1_S12E22_211_u,HOWARD,1,2
1_S12E23_209_u,HOWARD,1,2
1_S12E23_350_u,AMY,1,4
1_S12E23_389_u,PENNY,1,5
1_S12E23_470_u,LEONARD,1,3
1_S12E23_488_u,AMY,1,4
1_S12E23_539_u,HOWARD,1,2
1_S12E23_600_u,HOWARD,1,2
2_1_u,CHANDLER,0,1
2_103_u,CHANDLER,1,1
2_104_u,CHANDLER,1,1
2_105_u,CHANDLER,1,1
2_107_u,JOEY,0,2
2_109_u,CHANDLER,1,1
2_112_u,CHANDLER,1,1
2_113_u,CHANDLER,1,1
2_114_u,CHANDLER,1,1
2_115_u,CHANDLER,1,1
2_119_u,ROSS,0,3
2_12_u,PERSON,0,4
2_120_u,CHANDLER,1,1
2_124_u,CHANDLER,1,1
2_125_u,ROSS,0,3
2_127_u,JOEY,0,2
2_128_u,CHANDLER,1,1
2_131_u,CHANDLER,0,1
2_134_u,CHANDLER,0,1
2_137_u,CHANDLER,0,1
2_141_u,CHANDLER,1,1
2_147_u,MONICA,0,5
2_148_u,CHANDLER,1,1
2_149_u,MONICA,0,5
2_15_u,CHANDLER,1,1
2_150_u,PERSON,0,4
2_151_u,CHANDLER,1,1
2_152_u,ROSS,1,3
2_155_u,CHANDLER,1,1
2_160_u,CHANDLER,0,1
2_161_u,CHANDLER,1,1
2_162_u,PERSON,0,4
2_166_u,JOEY,0,2
2_168_u,CHANDLER,1,1
2_169_u,CHANDLER,1,1
2_170_u,CHANDLER,1,1
2_171_u,MONICA,0,5
2_172_u,CHANDLER,1,1
2_173_u,ROSS,0,3
2_174_u,CHANDLER,1,1
2_176_u,CHANDLER,0,1
2_177_u,PERSON,1,4
2_178_u,CHANDLER,1,1
2_181_u,JOEY,0,2
2_183_u,CHANDLER,1,1
2_186_u,CHANDLER,1,1
2_187_u,CHANDLER,1,1
2_188_u,MONICA,0,5
2_189_u,CHANDLER,1,1
2_191_u,JOEY,0,2
2_193_u,PERSON,0,4
2_194_u,JOEY,0,2
2_197_u,CHANDLER,1,1
2_198_u,ROSS,0,3
2_2_u,CHANDLER,1,1
2_20_u,CHANDLER,0,1
2_203_u,ROSS,0,3
2_204_u,CHANDLER,1,1
2_206_u,CHANDLER,1,1
2_208_u,JOEY,0,2
2_209_u,MEMBER-GIRL,1,3
2_210_u,PERSON,0,4
2_218_u,JOEY,0,2
2_221_u,CHANDLER,0,1
2_223_u,CHANDLER,1,1
2_225_u,ROSS,0,3
2_226_u,CHANDLER,1,1
2_227_u,CHANDLER,1,1
2_228_u,PERSON,0,4
2_230_u,CHANDLER,0,1
2_231_u,ROSS,0,3
2_235_u,CHANDLER,0,1
2_236_u,CHANDLER,1,1
2_24_u,CHANDLER,1,1
2_240_u,JOEY,0,2
2_241_u,CHANDLER,1,1
2_242_u,CHANDLER,1,1
2_243_u,CHANDLER,0,1
2_245_u,PERSON,0,4
2_246_u,CHANDLER,1,1
2_247_u,ROSS,1,3
2_248_u,CHANDLER,1,1
2_251_u,MONICA,0,5
2_258_u,CHANDLER,1,1
2_260_u,CHANDLER,1,1
2_261_u,CHANDLER,0,1
2_263_u,MONICA,0,5
2_268_u,CHANDLER,0,1
2_27_u,MONICA,0,5
2_270_u,JOEY,0,2
2_272_u,JOEY,0,2
2_278_u,PERSON,0,4
2_279_u,MONICA,1,5
2_28_u,MONICA,0,5
2_280_u,CHANDLER,1,1
2_283_u,CHANDLER,1,1
2_284_u,MONICA,0,5
2_286_u,CHANDLER,1,1
2_287_u,CHANDLER,1,1
2_288_u,CHANDLER,1,1
2_289_u,MONICA,1,5
2_291_u,ROSS,0,3
2_294_u,CHANDLER,1,1
2_295_u,PERSON,0,4
2_297_u,CHANDLER,1,1
2_299_u,CHANDLER,0,1
2_3_u,CHANDLER,1,1
2_30_u,ROSS,0,3
2_301_u,CHANDLER,0,1
2_303_u,CHANDLER,1,1
2_305_u,JOEY,0,2
2_310_u,CHANDLER,1,1
2_312_u,MEMBER-GIRL,1,3
2_313_u,JOEY,1,2
2_314_u,MONICA,0,5
2_317_u,PERSON,0,4
2_322_u,CHANDLER,0,1
2_323_u,CHANDLER,1,1
2_326_u,ROSS,0,3
2_334_u,JOEY,0,2
2_337_u,MONICA,0,5
2_339_u,ROSS,0,3
2_34_u,CHANDLER,1,1
2_341_u,PERSON,1,4
2_343_u,ROSS,0,3
2_345_u,CHANDLER,1,1
2_347_u,MONICA,0,5
2_35_u,CHANDLER,0,1
2_353_u,JOEY,0,2
2_356_u,PERSON,0,4
2_358_u,ROSS,0,3
2_359_u,CHANDLER,1,1
2_36_u,ROSS,0,3
2_361_u,MEMBER-GIRL,1,3
2_365_u,JOEY,0,2
2_367_u,MONICA,0,5
2_369_u,CHANDLER,1,1
2_370_u,CHANDLER,1,1
2_371_u,ROSS,0,3
2_372_u,CHANDLER,1,1
2_373_u,CHANDLER,1,1
2_374_u,CHANDLER,1,1
2_375_u,ROSS,0,3
2_376_u,CHANDLER,1,1
2_377_u,CHANDLER,1,1
2_38_u,CHANDLER,0,1
2_380_u,CHANDLER,0,1
2_387_u,CHANDLER,0,1
2_388_u,CHANDLER,0,1
2_389_u,MONICA,1,5
2_39_u,CHANDLER,1,1
2_392_u,CHANDLER,1,1
2_393_u,CHANDLER,0,1
2_397_u,ROSS,0,3
2_400_u,CHANDLER,0,1
2_405_u,ROSS,0,3
2_406_u,ROSS,1,3
2_407_u,JOEY,0,2
2_408_u,CHANDLER,1,1
2_409_u,CHANDLER,0,1
2_410_u,ROSS,1,3
2_415_u,PERSON,0,4
2_416_u,CHANDLER,1,1
2_420_u,CHANDLER,1,1
2_421_u,CHANDLER,1,1
2_422_u,JOEY,0,2
2_423_u,MONICA,1,5
2_425_u,MONICA,0,5
2_426_u,JOEY,0,2
2_428_u,CHANDLER,0,1
2_43_u,CHANDLER,1,1
2_430_u,CHANDLER,1,1
2_431_u,JOEY,0,2
2_433_u,CHANDLER,1,1
2_434_u,CHANDLER,1,1
2_435_u,JOEY,0,2
2_437_u,CHANDLER,0,1
2_438_u,CHANDLER,1,1
2_439_u,PERSON,0,4
2_44_u,JOEY,0,2
2_440_u,MONICA,1,5
2_441_u,ROSS,0,3
2_443_u,CHANDLER,1,1
2_446_u,JOEY,0,2
2_447_u,CHANDLER,1,1
2_448_u,MONICA,0,5
2_449_u,CHANDLER,1,1
2_450_u,CHANDLER,1,1
2_454_u,PERSON,0,4
2_456_u,CHANDLER,1,1
2_457_u,CHANDLER,1,1
2_458_u,MONICA,0,5
2_461_u,CHANDLER,1,1
2_463_u,JOEY,0,2
2_464_u,CHANDLER,1,1
2_471_u,MEMBER-GIRL,1,3
2_472_u,CHANDLER,0,1
2_473_u,PERSON,0,4
2_474_u,CHANDLER,1,1
2_475_u,CHANDLER,1,1
2_477_u,CHANDLER,0,1
2_478_u,CHANDLER,1,1
2_48_u,JOEY,0,2
2_481_u,ROSS,0,3
2_484_u,ROSS,1,3
2_487_u,CHANDLER,1,1
2_488_u,CHANDLER,0,1
2_49_u,JOEY,0,2
2_490_u,CHANDLER,1,1
2_491_u,CHANDLER,1,1
2_492_u,ROSE,1,2
2_493_u,CHANDLER,1,1
2_494_u,CHANDLER,1,1
2_498_u,CHANDLER,1,1
2_50_u,CHANDLER,1,1
2_500_u,MONICA,1,5
2_508_u,CHANDLER,1,1
2_509_u,CHANDLER,1,1
2_51_u,CHANDLER,0,1
2_511_u,CHANDLER,1,1
2_514_u,ROSS,0,3
2_518_u,CHANDLER,1,1
2_521_u,JOEY,0,2
2_522_u,PERSON,0,4
2_523_u,CHANDLER,1,1
2_524_u,CHANDLER,1,1
2_527_u,MEMBER-GIRL,1,3
2_530_u,PERSON,0,4
2_531_u,JOEY,0,2
2_532_u,CHANDLER,1,1
2_535_u,ROSS,0,3
2_536_u,CHANDLER,0,1
2_537_u,ROSS,0,3
2_540_u,JOEY,0,2
2_541_u,CHANDLER,1,1
2_542_u,JOEY,1,2
2_546_u,CHANDLER,1,1
2_547_u,CHANDLER,0,1
2_548_u,PERSON,1,4
2_549_u,MONICA,0,5
2_55_u,PERSON,0,4
2_550_u,CHANDLER,1,1
2_552_u,ROSS,0,3
2_553_u,JOEY,0,2
2_555_u,ROSS,0,3
2_556_u,CHANDLER,1,1
2_557_u,ROSS,0,3
2_558_u,CHANDLER,1,1
2_559_u,MONICA,0,5
2_562_u,JOEY,0,2
2_564_u,CHANDLER,0,1
2_567_u,CHANDLER,1,1
2_570_u,CHANDLER,0,1
2_573_u,CHANDLER,1,1
2_574_u,JOEY,0,2
2_577_u,ROSS,0,3
2_579_u,MONICA,0,5
2_581_u,CHANDLER,1,1
2_583_u,CHANDLER,1,1
2_585_u,ROSS,0,3
2_586_u,CHANDLER,1,1
2_588_u,JOEY,0,2
2_589_u,CHANDLER,1,1
2_594_u,ROSS,0,3
2_595_u,CHANDLER,0,1
2_598_u,CHANDLER,1,1
2_602_u,CHANDLER,0,1
2_607_u,PERSON,0,4
2_608_u,CHANDLER,1,1
2_609_u,PERSON,0,4
2_615_u,PERSON,0,4
2_617_u,CHANDLER,1,1
2_622_u,CHANDLER,1,1
2_623_u,CHANDLER,1,1
2_627_u,PERSON,0,4
2_66_u,CHANDLER,1,1
2_69_u,MONICA,0,5
2_7_u,MONICA,0,5
2_71_u,JOEY,1,2
2_72_u,ROSS,0,3
2_73_u,CHANDLER,1,1
2_77_u,MONICA,0,5
2_78_u,CHANDLER,0,1
2_8_u,JOEY,0,2
2_84_u,CHANDLER,1,1
2_86_u,CHANDLER,0,1
2_87_u,ROSS,0,3
2_91_u,MONICA,0,5
2_92_u,CHANDLER,1,1
2_94_u,ROSS,0,3
2_96_u,ROSS,0,3
3_S01E01_128_u,OTHER,0,4
3_S01E01_226_u,OTHER,1,4
3_S01E01_255_u,GILFOYLE,0,4
3_S01E01_568_u,GILFOYLE,0,4
3_S01E02_004_u,OTHER,0,4
3_S01E02_461_u,OTHER,0,4
3_S01E03_021_u,GILFOYLE,0,4
3_S01E03_024_u,GILFOYLE,0,4
3_S01E03_122_u,GILFOYLE,1,4
3_S01E03_359_u,GILFOYLE,0,4
3_S01E03_517_u,GILFOYLE,0,4
3_S01E04_009_u,RICHARD,0,5
3_S01E04_327_u,OTHER,1,4
3_S01E04_342_u,ERLICH,0,4
3_S01E04_356_u,GILFOYLE,0,4
3_S01E05_417_u,GILFOYLE,1,4
3_S01E05_456_u,GILFOYLE,1,4
3_S01E05_520_u,GILFOYLE,1,4
3_S01E06_054_u,ERLICH,0,4
3_S01E06_266_u,ERLICH,1,4
3_S01E08_422_u,GILFOYLE,1,4
3_S02E01_050_u,GILFOYLE,1,4
3_S02E01_096_u,GILFOYLE,0,4
3_S02E01_413_u,RICHARD,1,5
3_S02E02_081_u,GILFOYLE,1,4
3_S02E03_218_u,GILFOYLE,1,4
3_S02E03_229_u,OTHER,0,4
3_S02E03_244_u,GILFOYLE,1,4
3_S02E03_561_u,GILFOYLE,1,4
3_S02E04_162_u,GILFOYLE,0,4
3_S02E04_395_u,GILFOYLE,0,4
3_S02E05_179_u,GILFOYLE,0,4
3_S02E05_378_u,GILFOYLE,1,4
3_S02E05_466_u,GILFOYLE,0,4
3_S02E07_256_u,OTHER,1,4
3_S02E10_133_u,GILFOYLE,1,4
3_S03E01_409_u,GILFOYLE,0,4
3_S03E01_431_u,ERLICH,1,4
3_S03E02_062_u,GILFOYLE,0,4
3_S03E02_111_u,GILFOYLE,1,4
3_S03E03_111_u,GILFOYLE,0,4
3_S03E03_126_u,GILFOYLE,1,4
3_S03E03_316_u,OTHER,0,4
3_S03E03_511_u,GILFOYLE,0,4
3_S03E04_437_u,OTHER,0,4
3_S04E01_575_u,GILFOYLE,1,4
3_S04E02_217_u,GILFOYLE,1,4
3_S04E02_326_u,GILFOYLE,1,4
3_S04E04_363_u,OTHER,1,4
3_S04E05_313_u,GILFOYLE,1,4
3_S04E05_320_u,GILFOYLE,0,4
3_S04E05_485_u,OTHER,0,4
3_S04E05_497_u,OTHER,0,4
3_S04E06_526_u,GILFOYLE,0,4
3_S04E07_292_u,OTHER,1,4
3_S04E10_120_u,GILFOYLE,1,4
3_S05E02_072_u,GILFOYLE,1,4
3_S05E02_532_u,GILFOYLE,0,4
3_S05E03_098_u,RICHARD,0,5
3_S05E05_119_u,GILFOYLE,0,4
3_S05E06_207_u,GILFOYLE,0,4
3_S06E01_317_u,OTHER,0,4
3_S06E01_417_u,GILFOYLE,1,4
3_S06E01_460_u,GILFOYLE,1,4
3_S06E02_152_u,GILFOYLE,0,4
3_S06E02_171_u,GILFOYLE,0,4
3_S06E02_398_u,OTHER,0,4
3_S06E03_366_u,RICHARD,1,5
3_S06E05_355_u,OTHER,1,4
3_S06E06_143_u,GILFOYLE,1,4
