candidate_id,fold,f1_macro,precision_macro,recall_macro,accuracy,pr_auc
text__svm,1,0.6184939091915835,0.6245651592186245,0.6394965537908301,0.6320754716981132,0.7882667877819824
text__svm,2,0.6605931639845724,0.6640786749482401,0.6794001131861913,0.6704545454545454,0.6195960730534147
text__svm,3,0.636818306385311,0.6383415435139572,0.6396794694667035,0.6374269005847953,0.6474822702448695
text__svm,4,0.6289367392609574,0.6297892720306513,0.6293220986038395,0.6292428198433421,0.6361527981129038
text__svm,5,0.6486928104575163,0.6393939393939394,0.6642857142857144,0.7674418604651163,0.35837021990460016
text__logistic_regression,1,0.5598006644518273,0.5678351618945678,0.5759664369193886,0.5754716981132075,0.7317458711488547
text__logistic_regression,2,0.6063157894736843,0.6170542635658915,0.6281833616298811,0.6136363636363636,0.5794751118905527
text__logistic_regression,3,0.601998904709748,0.6045491915593313,0.6054158607350097,0.6023391812865497,0.6410603924751339
text__logistic_regression,4,0.5976890756302521,0.5982177026953146,0.5979766579406631,0.597911227154047,0.6402924158821786
text__logistic_regression,5,0.7433930093776642,0.7336601307189543,0.7553571428571428,0.8372093023255814,0.8107954545454545
text__random_forest,1,0.5083642913430148,0.5332672196177425,0.5368594545999401,0.5141509433962265,0.6991256487798363
text__random_forest,2,0.6166336633663367,0.625,0.6369552914544425,0.625,0.5766503840061361
text__random_forest,3,0.653786760921039,0.6738662456946038,0.667380491848577,0.6549707602339181,0.6929004303931545
text__random_forest,4,0.6238131616282877,0.6243917773768519,0.6240864965095987,0.6240208877284595,0.6196955714418404
text__random_forest,5,0.5967604433077579,0.5931372549019608,0.6017857142857144,0.7441860465116279,0.2504527879527879
context__svm,1,0.4858376165365018,0.5473843058350101,0.5470482469283788,0.4858490566037736,0.7529145897853664
context__svm,2,0.8244447399920202,0.8234989648033126,0.8537068477645726,0.8295454545454546,0.929957870078469
context__svm,3,0.8006172839506173,0.8008891928864569,0.8038822879248411,0.8011695906432749,0.8214276915826293
context__svm,4,0.7779164875945671,0.7789781740605,0.7781413612565444,0.7780678851174935,0.7988458838891463
context__svm,5,0.6141025641025641,0.6266666666666667,0.7035714285714285,0.6744186046511628,0.5060763888888888
context__logistic_regression,1,0.5205016235583921,0.5531524926686218,0.5579362701028868,0.5235849056603774,0.7368376632509385
context__logistic_regression,2,0.8229376257545271,0.81875,0.8463497453310695,0.8295454545454546,0.8443273660568483
context__logistic_regression,3,0.7711471809478054,0.7711412151067323,0.7737634705719812,0.7719298245614035,0.7521199931740511
context__logistic_regression,4,0.7676176841531173,0.7676302154349604,0.7676156195462478,0.7676240208877284,0.7846488457470733
context__logistic_regression,5,0.558974358974359,0.5788888888888889,0.6267857142857143,0.627906976744186,0.436736033864788
context__random_forest,1,0.5022250050314184,0.5371908453303802,0.5402557187094197,0.5047169811320755,0.7077853466573307
context__random_forest,2,0.7818086911131411,0.8,0.8259762308998302,0.7840909090909091,0.8355730332799389
context__random_forest,3,0.8123456790123457,0.837164477441462,0.8262641613705444,0.8128654970760234,0.8426409266745298
context__random_forest,4,0.7908817908817909,0.7926692244450535,0.7912167321116929,0.7911227154046997,0.7740985366830686
context__random_forest,5,0.5392857142857144,0.5887445887445888,0.6464285714285714,0.5813953488372093,0.40730586125322965
audio__svm,1,0.5784090909090909,0.579336804604001,0.5867545699730297,0.6037735849056604,0.7511761540105322
audio__svm,2,0.5757575757575757,0.6543589743589744,0.5851726089417091,0.6818181818181818,0.4711684499648754
audio__svm,3,0.63152854260013,0.6361447440836544,0.6367090356452059,0.631578947368421,0.6378371893601305
audio__svm,4,0.6246256125561153,0.6296988287785834,0.6268270069808028,0.6266318537859008,0.6625645909227775
audio__svm,5,0.5784313725490196,0.5742424242424242,0.5875,0.7209302325581395,0.3917617977871508
audio__logistic_regression,1,0.499320117369212,0.501937984496124,0.5020976925382079,0.5330188679245284,0.7399103982085165
audio__logistic_regression,2,0.5028248587570621,0.5035714285714286,0.5033955857385399,0.5568181818181818,0.42212745947608804
audio__logistic_regression,3,0.6605284775465499,0.6631268840778295,0.6644791378833932,0.6608187134502924,0.7038949703613557
audio__logistic_regression,4,0.6370757180156658,0.6370800610820244,0.6370800610820244,0.6370757180156658,0.6075205454081138
audio__logistic_regression,5,0.5967604433077579,0.5931372549019608,0.6017857142857144,0.7441860465116279,0.305905936502508
audio__random_forest,1,0.5736772761944386,0.5805357142857143,0.5901008890220757,0.589622641509434,0.7472690130898496
audio__random_forest,2,0.5636363636363637,0.5729166666666666,0.5633842671194114,0.625,0.48763851612151154
audio__random_forest,3,0.6605284775465499,0.672979797979798,0.6703509256700746,0.6608187134502924,0.647693135961137
audio__random_forest,4,0.644886828470139,0.644916271204931,0.6448925610820244,0.6449086161879896,0.6844356905885775
audio__random_forest,5,0.5608798114689709,0.5582386363636364,0.5732142857142857,0.6976744186046512,0.28882857733664186
visual__svm,1,0.5716927979967561,0.6029411764705883,0.573419238837279,0.6650943396226415,0.5763523393968829
visual__svm,2,0.5628287551139685,0.5664845173041895,0.5619694397283531,0.6136363636363636,0.3714594677808592
visual__svm,3,0.4381571261682243,0.44460784313725493,0.45316385741917653,0.47368421052631576,0.437749079045884
visual__svm,4,0.517091248528418,0.5295159561800429,0.5270369764397906,0.5274151436031331,0.5293742401184355
visual__svm,5,0.6959937156323645,0.6803977272727273,0.7267857142857144,0.7906976744186046,0.5278624661246613
visual__logistic_regression,1,0.6228152799581371,0.6319929101584136,0.6190190790130856,0.6792452830188679,0.6736276332088702
visual__logistic_regression,2,0.5393939393939394,0.539622641509434,0.5415959252971138,0.5681818181818182,0.3894906407314218
visual__logistic_regression,3,0.42680215941568755,0.42735105140186913,0.4312655429676706,0.4444444444444444,0.3958089213093442
visual__logistic_regression,4,0.5286089382418906,0.5302328147412556,0.5298865619546248,0.5300261096605744,0.5200187405843457
visual__logistic_regression,5,0.6534798534798535,0.6423076923076924,0.6982142857142857,0.7441860465116279,0.6249824929971989
visual__random_forest,1,0.5030652722683014,0.5268556005398111,0.5298172010788134,0.5094339622641509,0.6713554245137983
visual__random_forest,2,0.5291661229283571,0.5479166666666666,0.5520656479909452,0.5340909090909091,0.5074764589297467
visual__random_forest,3,0.4960299573523803,0.49616884926163274,0.49620060790273557,0.5029239766081871,0.4304595393228057
visual__random_forest,4,0.5409318858150556,0.5473429951690821,0.5454297556719023,0.5456919060052219,0.5627394732967257
visual__random_forest,5,0.6334426229508197,0.6380090497737557,0.7178571428571429,0.6976744186046512,0.47879026610644254
text+context__svm,1,0.546524064171123,0.5954125820881317,0.6001398461692139,0.5471698113207547,0.7563805981676539
text+context__svm,2,0.858974358974359,0.855215360664245,0.88737973967176,0.8636363636363636,0.9156747544475995
text+context__svm,3,0.8069118905047048,0.8104938271604938,0.8127245095330202,0.8070175438596491,0.8431897362732901
text+context__svm,4,0.7884886788979566,0.7887018443741133,0.7885443935427574,0.7885117493472585,0.8122113293678582
text+context__svm,5,0.6742424242424243,0.6599462365591398,0.7125,0.7674418604651163,0.4880863371207175
text+context__logistic_regression,1,0.6010248735913657,0.6182142857142857,0.6322545200279692,0.6084905660377359,0.7682887365477553
text+context__logistic_regression,2,0.8367779544250133,0.8377260981912145,0.8698358800226372,0.8409090909090909,0.8955196131503762
text+context__logistic_regression,3,0.7599383667180277,0.7619112814895947,0.764299530256977,0.7602339181286549,0.7960281238326459
text+context__logistic_regression,4,0.7937280567201828,0.793800796378116,0.7937527268760908,0.793733681462141,0.8056245602802852
text+context__logistic_regression,5,0.5548654244306418,0.5619047619047619,0.5928571428571429,0.6511627906976745,0.39878143914908626
text+context__random_forest,1,0.5317345834835918,0.5554655870445344,0.561582259514534,0.5377358490566038,0.71856622003137
text+context__random_forest,2,0.7806637806637806,0.791407867494824,0.8186191284663271,0.7840909090909091,0.8035744705655569
text+context__random_forest,3,0.8302003081664098,0.8488732394366196,0.842221608179055,0.8304093567251462,0.8244690053884202
text+context__random_forest,4,0.7907103825136612,0.79369465984711,0.7912440008726003,0.7911227154046997,0.7860178602946459
text+context__random_forest,5,0.5951035781544256,0.6162280701754386,0.6892857142857143,0.6511627906976745,0.39695830485304173
text+audio__svm,1,0.6288283966902506,0.6268601190476191,0.6362501248626511,0.6556603773584906,0.8029554918074946
text+audio__svm,2,0.5905707196029777,0.6126510305614783,0.5897000565930957,0.6590909090909091,0.5392230197405394
text+audio__svm,3,0.6779661016949152,0.6799698795180723,0.6816109422492401,0.6783625730994152,0.6901312790443213
text+audio__svm,4,0.6527415143603134,0.6527459642233857,0.6527459642233857,0.6527415143603134,0.6909425263512229
text+audio__svm,5,0.6366197183098592,0.6448412698412699,0.6303571428571428,0.7906976744186046,0.41760270979020975
text+audio__logistic_regression,1,0.5602196461256864,0.5596058170685037,0.5622315453001698,0.5990566037735849,0.7544518854302562
text+audio__logistic_regression,2,0.6415226857704734,0.640625,0.6426146010186757,0.6704545454545454,0.5752805897311329
text+audio__logistic_regression,3,0.6490147783251232,0.6586792978545556,0.6573639126830617,0.6491228070175439,0.6568495093562088
text+audio__logistic_regression,4,0.6318437468043767,0.6318516498500136,0.6318444589877836,0.6318537859007833,0.6564529347223311
text+audio__logistic_regression,5,0.7696428571428571,0.7696428571428571,0.7696428571428571,0.8604651162790697,0.6370135655856283
text+audio__random_forest,1,0.5704457638299878,0.5724275724275725,0.5796623713914694,0.5943396226415094,0.7518690348145177
text+audio__random_forest,2,0.6178660049627791,0.6439232409381663,0.6146010186757216,0.6818181818181818,0.5048975680075614
text+audio__random_forest,3,0.6307708126263838,0.6466325660699062,0.6425808234318873,0.631578947368421,0.7105168944370983
text+audio__random_forest,4,0.6421415174765559,0.6426366120218578,0.6423565663176265,0.6422976501305483,0.669077764234715
text+audio__random_forest,5,0.670076726342711,0.6633986928104575,0.6785714285714286,0.7906976744186046,0.37884615384615383
text+visual__svm,1,0.6143057826497478,0.621301247771836,0.6359504545000499,0.6273584905660378,0.785247529303121
text+visual__svm,2,0.6502384737678856,0.6558139534883721,0.6706281833616299,0.6590909090909091,0.5889430605169701
text+visual__svm,3,0.6476648351648351,0.6477957283680176,0.6491434097817077,0.6491228070175439,0.620732515931023
text+visual__svm,4,0.6213995977775506,0.6214071448050178,0.6214005235602094,0.6214099216710183,0.6334162447584575
text+visual__svm,5,0.6742424242424243,0.6599462365591398,0.7125,0.7674418604651163,0.3456574675324675
text+visual__logistic_regression,1,0.5679481241315424,0.5743273442388487,0.5830586355009489,0.5849056603773585,0.7339705258250787
text+visual__logistic_regression,2,0.6210361477228239,0.6395833333333334,0.6516694963214488,0.625,0.5470771051293069
text+visual__logistic_regression,3,0.6012345679012345,0.6020519835841314,0.6030671456203371,0.6023391812865497,0.62232757673105
text+visual__logistic_regression,4,0.5822197982001636,0.5822424044073529,0.5822289485165795,0.5822454308093995,0.6329698516125735
text+visual__logistic_regression,5,0.8311076197957581,0.8025568181818181,0.8803571428571428,0.8837209302325582,0.8013888888888889
text+visual__random_forest,1,0.511520737327189,0.5331241595696996,0.5369093996603735,0.5188679245283019,0.718525343903179
text+visual__random_forest,2,0.6294736842105264,0.6397932816537467,0.653084323712507,0.6363636363636364,0.5018902806200729
text+visual__random_forest,3,0.6023255813953488,0.6092105263157894,0.6089389334070185,0.6023391812865497,0.63494719851458
text+visual__random_forest,4,0.5766743081709513,0.5773809523809523,0.5771024214659686,0.577023498694517,0.6060654328893178
text+visual__random_forest,5,0.6534798534798535,0.6423076923076924,0.6982142857142857,0.7441860465116279,0.38999819624819626
context+audio__svm,1,0.5924460024878435,0.6121553884711779,0.6251623214464089,0.5990566037735849,0.7594115951828433
context+audio__svm,2,0.7628032345013478,0.7592883307169022,0.7804187889077532,0.7727272727272727,0.7897212679096439
context+audio__svm,3,0.8184899845916795,0.8204408543263965,0.8233628074053605,0.8187134502923976,0.8862635809458741
context+audio__svm,4,0.7831419820041068,0.7839237876551309,0.783226985165794,0.783289817232376,0.8174468286251062
context+audio__svm,5,0.6334426229508197,0.6380090497737557,0.7178571428571429,0.6976744186046512,0.4862241618246176
context+audio__logistic_regression,1,0.5711264367816092,0.5802974971051928,0.5900509439616421,0.5849056603773585,0.7426413204297047
context+audio__logistic_regression,2,0.7901430842607313,0.7922480620155039,0.8200339558573854,0.7954545454545454,0.8182265765495222
context+audio__logistic_regression,3,0.7948726736813243,0.7956224350205199,0.7985631389886709,0.7953216374269005,0.8082758775073945
context+audio__logistic_regression,4,0.7674654987754879,0.7682193428462085,0.7675610820244327,0.7676240208877284,0.8039509499249586
context+audio__logistic_regression,5,0.5724431818181819,0.5738916256157636,0.6071428571428572,0.6744186046511628,0.41625910513778164
context+audio__random_forest,1,0.5583333333333333,0.5772771967462234,0.5863550094895615,0.5660377358490566,0.7278081853652301
context+audio__random_forest,2,0.7469533068601945,0.7425213675213675,0.7569326542161856,0.7613636363636364,0.698033609795953
context+audio__random_forest,3,0.8361171960569551,0.8529040404040404,0.8475407571152251,0.8362573099415205,0.816309196981565
context+audio__random_forest,4,0.7701582105837426,0.7705023205023205,0.770192517452007,0.7702349869451697,0.8064012592330219
context+audio__random_forest,5,0.6141025641025641,0.6266666666666667,0.7035714285714285,0.6744186046511628,0.5009011441567223
context+visual__svm,1,0.4371639560047297,0.512719298245614,0.5115872540205774,0.4386792452830189,0.7489357661267093
context+visual__svm,2,0.8367779544250133,0.8377260981912145,0.8698358800226372,0.8409090909090909,0.9484612896745108
context+visual__svm,3,0.788888888888889,0.7891928864569084,0.7920696324951644,0.7894736842105263,0.814519263115556
context+visual__svm,4,0.7857240325309753,0.7870142309797482,0.785981130017452,0.7859007832898173,0.8018271436638913
context+visual__svm,5,0.5770491803278688,0.5893665158371041,0.6410714285714285,0.6511627906976745,0.6026785714285714
context+visual__logistic_regression,1,0.5422402159244264,0.5684467335321225,0.5756667665567875,0.5471698113207547,0.7260431799975771
context+visual__logistic_regression,2,0.8102425876010781,0.805337519623234,0.830220713073005,0.8181818181818182,0.8415010861088429
context+visual__logistic_regression,3,0.7401215805471124,0.7401215805471124,0.7401215805471124,0.7426900584795322,0.7136306936966443
context+visual__logistic_regression,4,0.7518973358881169,0.7521287047650238,0.751922447643979,0.7519582245430809,0.7878226697891484
context+visual__logistic_regression,5,0.5951035781544256,0.6162280701754386,0.6892857142857143,0.6511627906976745,0.5060970755823697
context+visual__random_forest,1,0.5167605256100831,0.553682260305697,0.5578863250424533,0.5188679245283019,0.705095052807765
context+visual__random_forest,2,0.792778649921507,0.8069538142189933,0.8347481607243916,0.7954545454545454,0.8514544968792498
context+visual__random_forest,3,0.8123456790123457,0.837164477441462,0.8262641613705444,0.8128654970760234,0.817124517538918
context+visual__random_forest,4,0.7802459016393443,0.783162844415113,0.7808000654450262,0.7806788511749347,0.7794804512268909
context+visual__random_forest,5,0.5763546798029556,0.6065217391304347,0.675,0.627906976744186,0.4294473772414949
audio+visual__svm,1,0.5762824783477681,0.5766436781609195,0.583258415742683,0.6037735849056604,0.7525780466901824
audio+visual__svm,2,0.5537681412834412,0.6337719298245614,0.5690435766836446,0.6704545454545454,0.4634155384861882
audio+visual__svm,3,0.6373152709359606,0.6412087912087912,0.642028184581376,0.6374269005847953,0.6334718495521876
audio+visual__svm,4,0.6149174104852775,0.6179699164961566,0.6163421684118673,0.6161879895561357,0.6620892159511145
audio+visual__svm,5,0.5784313725490196,0.5742424242424242,0.5875,0.7209302325581395,0.39637489302524603
audio+visual__logistic_regression,1,0.5040397462798157,0.5053470919324577,0.5056937368894217,0.5424528301886793,0.7385952497608212
audio+visual__logistic_regression,2,0.5199764116172785,0.5229528535980149,0.5209394453876627,0.5795454545454546,0.4105642847543065
audio+visual__logistic_regression,3,0.6420507189183624,0.6424466338259442,0.6438242608455375,0.6432748538011696,0.6609573682078312
audio+visual__logistic_regression,4,0.5972935328818003,0.5983763918600187,0.5978130453752182,0.597911227154047,0.5989685978845658
audio+visual__logistic_regression,5,0.6284367635506677,0.6193181818181819,0.65,0.7441860465116279,0.36180534317098656
audio+visual__random_forest,1,0.5654837298206019,0.5740641711229946,0.5830086904405154,0.5801886792452831,0.7269233011931433
audio+visual__random_forest,2,0.65625,0.7191383595691798,0.6496887379739671,0.7272727272727273,0.5078035696833141
audio+visual__random_forest,3,0.6491108071135432,0.6546732837055418,0.6550151975683891,0.6491228070175439,0.6888660114293967
audio+visual__random_forest,4,0.6160204603580562,0.6163152720122351,0.616137652705061,0.6161879895561357,0.6480387074360374
audio+visual__random_forest,5,0.6090909090909091,0.6021505376344086,0.6357142857142857,0.7209302325581395,0.3603007952192735
text+context+audio__svm,1,0.6080964080964082,0.6100793364587089,0.6219658375786634,0.6273584905660378,0.7477974555040479
text+context+audio__svm,2,0.7156904059558926,0.7142857142857143,0.7173174872665535,0.7386363636363636,0.7322836067468114
text+context+audio__svm,3,0.8537211291702309,0.8689544310875035,0.8646725614810722,0.8538011695906432,0.8947428727970966
text+context+audio__svm,4,0.7961765187489765,0.797495894909688,0.7964250654450262,0.7963446475195822,0.8327240194961336
text+context+audio__svm,5,0.6142167011732229,0.6130952380952381,0.6696428571428572,0.6976744186046512,0.45444655426273073
text+context+audio__logistic_regression,1,0.6125786163522012,0.6119868035190615,0.6220657276995305,0.6367924528301887,0.7920413154405985
text+context+audio__logistic_regression,2,0.811965811965812,0.8095485210171252,0.8375778155065081,0.8181818181818182,0.8504317484397108
text+context+audio__logistic_regression,3,0.7656892299260072,0.7670361247947455,0.7696186791931473,0.7660818713450293,0.7865822685561081
text+context+audio__logistic_regression,4,0.8015002727768685,0.8018700518700519,0.8015243237347296,0.8015665796344648,0.8076813570359949
text+context+audio__logistic_regression,5,0.6335227272727273,0.6268472906403941,0.6839285714285714,0.7209302325581395,0.3848588760273543
text+context+audio__random_forest,1,0.543341722785298,0.5614285714285714,0.5687244031565277,0.5518867924528302,0.7112894307002757
text+context+audio__random_forest,2,0.7884615384615384,0.7867151011935651,0.8126768534238823,0.7954545454545454,0.7654729829023419
text+context+audio__random_forest,3,0.8358024691358025,0.861579097658481,0.8498894722298977,0.8362573099415205,0.8630035837587765
text+context+audio__random_forest,4,0.8196663141014705,0.8212975134187754,0.8199307373472949,0.8198433420365535,0.8107463923895633
text+context+audio__random_forest,5,0.5770491803278688,0.5893665158371041,0.6410714285714285,0.6511627906976745,0.49602713892574574
text+context+visual__svm,1,0.546524064171123,0.5954125820881317,0.6001398461692139,0.5471698113207547,0.7556864921155633
text+context+visual__svm,2,0.8814016172506738,0.8744113029827316,0.9049235993208828,0.8863636363636364,0.9190223174433998
text+context+visual__svm,3,0.7950693374422189,0.7970290251916758,0.7997374965460071,0.7953216374269005,0.832291928641501
text+context+visual__svm,4,0.7910529187124932,0.7916211492243828,0.7911758289703317,0.7911227154046997,0.8113875768877348
text+context+visual__svm,5,0.6742424242424243,0.6599462365591398,0.7125,0.7674418604651163,0.5066779245658556
text+context+visual__logistic_regression,1,0.605303787121969,0.6212648291856213,0.6358006193187493,0.6132075471698113,0.7583384531061479
text+context+visual__logistic_regression,2,0.8354700854700855,0.832381940840685,0.862478777589134,0.8409090909090909,0.9230853338999858
text+context+visual__logistic_regression,3,0.7599383667180277,0.7619112814895947,0.764299530256977,0.7602339181286549,0.7864649843153284
text+context+visual__logistic_regression,4,0.7911098991000818,0.7912438625204583,0.7911485602094241,0.7911227154046997,0.8058601482079036
text+context+visual__logistic_regression,5,0.5724431818181819,0.5738916256157636,0.6071428571428572,0.6744186046511628,0.46203848354162996
text+context+visual__random_forest,1,0.4971356963838167,0.5305747126436782,0.5332134651882929,0.5,0.7026573119007126
text+context+visual__random_forest,2,0.8037518037518038,0.8141821946169772,0.843520090548953,0.8068181818181818,0.7851450668323983
text+context+visual__random_forest,3,0.8300373581930973,0.853154305200341,0.8433959657363912,0.8304093567251462,0.8148407143930382
text+context+visual__random_forest,4,0.759789485165794,0.759817289337333,0.7598031195462478,0.7597911227154047,0.7730905826684318
text+context+visual__random_forest,5,0.6692307692307693,0.6744444444444444,0.7803571428571429,0.7209302325581395,0.45606530900648545
text+audio+visual__svm,1,0.6389974817124355,0.63671875,0.6468384776745579,0.6650943396226415,0.8012789633552735
text+audio+visual__svm,2,0.5905707196029777,0.6126510305614783,0.5897000565930957,0.6590909090909091,0.552686805799542
text+audio+visual__svm,3,0.6950617283950618,0.6956224350205198,0.6975683890577508,0.695906432748538,0.6767792282144052
text+audio+visual__svm,4,0.6474811314965945,0.6475450081833061,0.6474967277486912,0.6475195822454308,0.6893921613493306
text+audio+visual__svm,5,0.6366197183098592,0.6448412698412699,0.6303571428571428,0.7906976744186046,0.4199836621711621
text+audio+visual__logistic_regression,1,0.5731509108992553,0.5723484848484849,0.5763160523424233,0.6084905660377359,0.7567633694643592
text+audio+visual__logistic_regression,2,0.6606060606060606,0.6582210242587601,0.6661007357102433,0.6818181818181818,0.5321884710517852
text+audio+visual__logistic_regression,3,0.63152854260013,0.6361447440836544,0.6367090356452059,0.631578947368421,0.6547084349342907
text+audio+visual__logistic_regression,4,0.6213686227185644,0.6214266230223677,0.6213868891797557,0.6214099216710183,0.6572620108905977
text+audio+visual__logistic_regression,5,0.7981220657276995,0.8154761904761905,0.7839285714285714,0.8837209302325582,0.5882340795169743
text+audio+visual__random_forest,1,0.5378083763625933,0.5487891737891738,0.5547397862351413,0.5518867924528302,0.7478357133435438
text+audio+visual__random_forest,2,0.6276041666666666,0.6826843413421707,0.6247877758913413,0.7045454545454546,0.4922920144354117
text+audio+visual__random_forest,3,0.6374145006839945,0.6428866832092639,0.6432025421387124,0.6374269005847953,0.7005501677419045
text+audio+visual__random_forest,4,0.6625965458605643,0.6641551383399209,0.6630808246073299,0.6631853785900783,0.6983577797445044
text+audio+visual__random_forest,5,0.6486928104575163,0.6393939393939394,0.6642857142857144,0.7674418604651163,0.519593094779632
context+audio+visual__svm,1,0.5881449353935122,0.6091438816674137,0.6216162221556287,0.5943396226415094,0.7569020194714755
context+audio+visual__svm,2,0.786522911051213,0.782312925170068,0.8053197509903791,0.7954545454545454,0.8040781810147012
context+audio+visual__svm,3,0.8244112814895947,0.8271444231296246,0.829856313898867,0.8245614035087719,0.8744768482820952
context+audio+visual__svm,4,0.7777709515130415,0.7793642093724308,0.7779777486910995,0.7780678851174935,0.8185565746214754
context+audio+visual__svm,5,0.6142167011732229,0.6130952380952381,0.6696428571428572,0.6976744186046512,0.5132804734797145
context+audio+visual__logistic_regression,1,0.5684256273016309,0.5801886792452831,0.5900009989012087,0.5801886792452831,0.738193131747845
context+audio+visual__logistic_regression,2,0.8010373719909563,0.8007246376811594,0.8288058856819468,0.8068181818181818,0.8473778296541405
context+audio+visual__logistic_regression,3,0.7714295506734756,0.7722298221614227,0.7749378281293176,0.7719298245614035,0.7770728033083087
context+audio+visual__logistic_regression,4,0.7648190600949729,0.7657403861933154,0.7649432809773123,0.7650130548302873,0.8079794334039765
context+audio+visual__logistic_regression,5,0.6142167011732229,0.6130952380952381,0.6696428571428572,0.6976744186046512,0.42342346421327154
context+audio+visual__random_forest,1,0.5173214285714285,0.5573923601382273,0.5613824792727999,0.5188679245283019,0.7162571087352855
context+audio+visual__random_forest,2,0.7496952458350263,0.7457894736842106,0.7642897566496887,0.7613636363636364,0.7013859661253365
context+audio+visual__random_forest,3,0.8065942351852486,0.8288576300085251,0.8197706548770378,0.8070175438596491,0.8482660229670335
context+audio+visual__random_forest,4,0.7858993237347296,0.7859285519498227,0.7859129581151832,0.7859007832898173,0.8130591098861695
context+audio+visual__random_forest,5,0.6735679779158039,0.6642857142857144,0.7464285714285714,0.7441860465116279,0.42154082476663124
text+context+audio+visual__svm,1,0.6039973848883908,0.6066576698155646,0.6184197382878833,0.6226415094339622,0.7487440969905045
text+context+audio+visual__svm,2,0.7299107142857143,0.7272727272727273,0.733446519524618,0.75,0.7372614542127287
text+context+audio+visual__svm,3,0.8479064039408867,0.8611730286988019,0.8581790549875656,0.847953216374269,0.893107508751919
text+context+audio+visual__svm,4,0.8066290049669778,0.8079775588396279,0.8068690008726003,0.8067885117493473,0.83376281011103
text+context+audio+visual__svm,5,0.6532258064516129,0.650462962962963,0.7321428571428572,0.7209302325581395,0.46824779752411333
text+context+audio+visual__logistic_regression,1,0.6329004329004329,0.630708882039787,0.6397962241534312,0.660377358490566,0.7882205604488843
text+context+audio+visual__logistic_regression,2,0.8354700854700855,0.832381940840685,0.862478777589134,0.8409090909090909,0.8811404611801417
text+context+audio+visual__logistic_regression,3,0.7658817086527929,0.7685667306111263,0.7707930367504836,0.7660818713450293,0.7879422269144448
text+context+audio+visual__logistic_regression,4,0.7910073120157154,0.7916393442622951,0.7910667539267016,0.7911227154046997,0.8128217681738573
text+context+audio+visual__logistic_regression,5,0.6335227272727273,0.6268472906403941,0.6839285714285714,0.7209302325581395,0.4217261904761904
text+context+audio+visual__random_forest,1,0.5349089675449508,0.5552273540995345,0.5616322045749675,0.5424528301886793,0.7294811244374677
text+context+audio+visual__random_forest,2,0.7776300039898922,0.7779503105590062,0.8039049235993209,0.7840909090909091,0.7140215564923399
text+context+audio+visual__random_forest,3,0.8125513839408057,0.8328147100424328,0.8250898038132081,0.8128654970760234,0.8478214127047339
text+context+audio+visual__random_forest,4,0.7806055646481178,0.7811612409875464,0.7807318935427574,0.7806788511749347,0.7953243222981566
text+context+audio+visual__random_forest,5,0.6692307692307693,0.6744444444444444,0.7803571428571429,0.7209302325581395,0.6167095667095667
