k,metodo,roteamento,accuracy,f1_macro,f1_macro_grupo_A,f1_macro_grupo_B,k_efetivo_grupo_A
3,OLA,sem_roteamento,0.6938775510204082,0.6854942233632862,0.6389743589743591,0.6977427334570192,3
3,KNORA-E,sem_roteamento,0.6938775510204082,0.6823529411764706,0.6666666666666667,0.6861598440545809,3
3,KNORA-U,sem_roteamento,0.7210884353741497,0.7089671157467767,0.6666666666666667,0.7201946472019465,3
3,OLA,com_roteamento,0.7006802721088435,0.6902298850574713,0.6267232237539766,0.705836756840555,3
3,KNORA-E,com_roteamento,0.7142857142857143,0.7009879891514916,0.681063122923588,0.704093567251462,3
3,KNORA-U,com_roteamento,0.7142857142857143,0.7009879891514916,0.6267232237539766,0.7201946472019465,3
5,OLA,sem_roteamento,0.7006802721088435,0.691765154403355,0.6666666666666667,0.6977427334570192,5
5,KNORA-E,sem_roteamento,0.6938775510204082,0.6823529411764706,0.6666666666666667,0.6861598440545809,5
5,KNORA-U,sem_roteamento,0.7142857142857143,0.7027157164869029,0.6666666666666667,0.7121401752190237,5
5,OLA,com_roteamento,0.6870748299319728,0.6744029275808937,0.6267232237539766,0.6861598440545809,5
5,KNORA-E,com_roteamento,0.7210884353741497,0.7089671157467767,0.722943722943723,0.704093567251462,5
5,KNORA-U,com_roteamento,0.7142857142857143,0.7027157164869029,0.6666666666666667,0.7121401752190237,5
7,OLA,sem_roteamento,0.7006802721088435,0.6902298850574713,0.6666666666666667,0.6960509950248757,7
7,KNORA-E,sem_roteamento,0.7006802721088435,0.6885593220338984,0.6666666666666667,0.6941489361702128,7
7,KNORA-U,sem_roteamento,0.7142857142857143,0.7027157164869029,0.6666666666666667,0.7121401752190237,7
7,OLA,com_roteamento,0.7006802721088435,0.6885593220338984,0.681063122923588,0.6880086814975583,7
7,KNORA-E,com_roteamento,0.7346938775510204,0.7214962351226621,0.751937984496124,0.7121401752190237,7
7,KNORA-U,com_roteamento,0.7074829931972789,0.6964705882352942,0.6389743589743591,0.7121401752190237,7
9,OLA,sem_roteamento,0.7006802721088435,0.691765154403355,0.6666666666666667,0.6977427334570192,9
9,KNORA-E,sem_roteamento,0.7006802721088435,0.6885593220338984,0.6666666666666667,0.6941489361702128,9
9,KNORA-U,sem_roteamento,0.7074829931972789,0.6964705882352942,0.6389743589743591,0.7121401752190237,9
9,OLA,com_roteamento,0.6938775510204082,0.6823529411764706,0.6536796536796536,0.6880086814975583,9
9,KNORA-E,com_roteamento,0.7210884353741497,0.7072139907699782,0.751937984496124,0.6941489361702128,9
9,KNORA-U,com_roteamento,0.7074829931972789,0.6964705882352942,0.6389743589743591,0.7121401752190237,9
11,OLA,sem_roteamento,0.7142857142857143,0.7043103448275863,0.6666666666666667,0.7139303482587065,11
11,KNORA-E,sem_roteamento,0.7074829931972789,0.6947703896856439,0.6666666666666667,0.7021426889569107,11
11,KNORA-U,sem_roteamento,0.7074829931972789,0.6964705882352942,0.6389743589743591,0.7121401752190237,11
11,OLA,com_roteamento,0.7210884353741497,0.7105882352941176,0.681063122923588,0.7155225726654297,11
11,KNORA-E,com_roteamento,0.7278911564625851,0.7134502923976609,0.751937984496124,0.7021426889569107,11
11,KNORA-U,com_roteamento,0.7074829931972789,0.6964705882352942,0.6389743589743591,0.7121401752190237,11
15,OLA,sem_roteamento,0.7006802721088435,0.6931688804554079,0.6,0.716923076923077,15
15,KNORA-E,sem_roteamento,0.7074829931972789,0.6947703896856439,0.6666666666666667,0.7021426889569107,15
15,KNORA-U,sem_roteamento,0.7074829931972789,0.6964705882352942,0.6389743589743591,0.7121401752190237,15
15,OLA,com_roteamento,0.7074829931972789,0.6994722578804735,0.6666666666666667,0.7073791348600509,15
15,KNORA-E,com_roteamento,0.7278911564625851,0.7134502923976609,0.751937984496124,0.7021426889569107,15
15,KNORA-U,com_roteamento,0.7074829931972789,0.6964705882352942,0.6389743589743591,0.7121401752190237,15
21,OLA,sem_roteamento,0.7482993197278912,0.7414063614320354,0.6666666666666667,0.7605829285218598,21
21,KNORA-E,sem_roteamento,0.7074829931972789,0.6947703896856439,0.6666666666666667,0.7021426889569107,21
21,KNORA-U,sem_roteamento,0.7074829931972789,0.6964705882352942,0.6389743589743591,0.7121401752190237,21
21,OLA,com_roteamento,0.7210884353741497,0.714698224852071,0.6389743589743591,0.7346153846153847,16
21,KNORA-E,com_roteamento,0.7346938775510204,0.7214962351226621,0.751937984496124,0.7121401752190237,16
21,KNORA-U,com_roteamento,0.7074829931972789,0.6964705882352942,0.6389743589743591,0.7121401752190237,16
31,OLA,sem_roteamento,0.7346938775510204,0.727428326914848,0.6389743589743591,0.751082251082251,31
31,KNORA-E,sem_roteamento,0.7074829931972789,0.6947703896856439,0.6666666666666667,0.7021426889569107,31
31,KNORA-U,sem_roteamento,0.7074829931972789,0.6964705882352942,0.6389743589743591,0.7121401752190237,31
31,OLA,com_roteamento,0.7142857142857143,0.7071157495256166,0.6389743589743591,0.7251137327473205,16
31,KNORA-E,com_roteamento,0.7346938775510204,0.7214962351226621,0.751937984496124,0.7121401752190237,16
31,KNORA-U,com_roteamento,0.7074829931972789,0.6964705882352942,0.6389743589743591,0.7121401752190237,16
