metodo,roteamento,accuracy,f1_macro,f1_macro_grupo_A,f1_macro_grupo_B
OLA,sem_roteamento,0.7006802721088435,0.6902298850574713,0.6666666666666667,0.6960509950248757
KNORA-E,sem_roteamento,0.7006802721088435,0.6885593220338984,0.6666666666666667,0.6941489361702128
KNORA-U,sem_roteamento,0.7142857142857143,0.7027157164869029,0.6666666666666667,0.7121401752190237
OLA,com_roteamento,0.7006802721088435,0.6885593220338984,0.681063122923588,0.6880086814975583
KNORA-E,com_roteamento,0.7346938775510204,0.7214962351226621,0.751937984496124,0.7121401752190237
KNORA-U,com_roteamento,0.7074829931972789,0.6964705882352942,0.6389743589743591,0.7121401752190237
Melhor membro (C01),-,0.7006802721088435,0.6931688804554079,,
Voto da pool inteira,-,0.7074829931972789,0.6964705882352942,,
Oraculo (algum membro acerta),-,0.8163265306122449,,,
